INFO:     Started server process [27992]
INFO:     Waiting for application startup.
INFO:     Application startup complete.
INFO:     Uvicorn running on http://127.0.0.1:8003 (Press CTRL+C to quit)
ERROR:    Exception in ASGI application
  + Exception Group Traceback (most recent call last):
  |   File "C:\Users\Administrator\AppData\Local\Programs\Python\Python312\Lib\site-packages\starlette\_utils.py", line 85, in create_collapsing_task_group
  |     async with anyio.create_task_group() as tg:
  |   File "C:\Users\Administrator\AppData\Local\Programs\Python\Python312\Lib\site-packages\anyio\_backends\_asyncio.py", line 815, in __aexit__
  |     raise BaseExceptionGroup(
  | ExceptionGroup: unhandled errors in a TaskGroup (1 sub-exception)
  +-+---------------- 1 ----------------
    | Traceback (most recent call last):
    |   File "C:\Users\Administrator\AppData\Local\Programs\Python\Python312\Lib\site-packages\uvicorn\protocols\http\h11_impl.py", line 411, in run_asgi
    |     result = await app(  # type: ignore[func-returns-value]
    |              ^^^^^^^^^^^^^^^^^^^^^^^^^^^^^^^^^^^^^^^^^^^^^^
    |   File "C:\Users\Administrator\AppData\Local\Programs\Python\Python312\Lib\site-packages\uvicorn\middleware\proxy_headers.py", line 63, in __call__
    |     return await self.app(scope, receive, send)
    |            ^^^^^^^^^^^^^^^^^^^^^^^^^^^^^^^^^^^^
    |   File "C:\Users\Administrator\AppData\Local\Programs\Python\Python312\Lib\site-packages\fastapi\applications.py", line 1163, in __call__
    |     await super().__call__(scope, receive, send)
    |   File "C:\Users\Administrator\AppData\Local\Programs\Python\Python312\Lib\site-packages\starlette\applications.py", line 96, in __call__
    |     await self.middleware_stack(scope, receive, send)
    |   File "C:\Users\Administrator\AppData\Local\Programs\Python\Python312\Lib\site-packages\starlette\middleware\errors.py", line 186, in __call__
    |     raise exc
    |   File "C:\Users\Administrator\AppData\Local\Programs\Python\Python312\Lib\site-packages\starlette\middleware\errors.py", line 164, in __call__
    |     await self.app(scope, receive, _send)
    |   File "C:\Users\Administrator\AppData\Local\Programs\Python\Python312\Lib\site-packages\starlette\middleware\base.py", line 193, in __call__
    |     response = await self.dispatch_func(request, call_next)
    |                ^^^^^^^^^^^^^^^^^^^^^^^^^^^^^^^^^^^^^^^^^^^^
    |   File "E:\Soft\倪海夏三套学习系统\finalhopes-Learning-System\web_app\server.py", line 1556, in _ensure_data_middleware
    |     return await call_next(request)
    |            ^^^^^^^^^^^^^^^^^^^^^^^^
    |   File "C:\Users\Administrator\AppData\Local\Programs\Python\Python312\Lib\site-packages\starlette\middleware\base.py", line 168, in call_next
    |     raise app_exc from app_exc.__cause__ or app_exc.__context__
    |   File "C:\Users\Administrator\AppData\Local\Programs\Python\Python312\Lib\site-packages\starlette\middleware\base.py", line 144, in coro
    |     await self.app(scope, receive_or_disconnect, send_no_error)
    |   File "C:\Users\Administrator\AppData\Local\Programs\Python\Python312\Lib\site-packages\starlette\middleware\base.py", line 193, in __call__
    |     response = await self.dispatch_func(request, call_next)
    |                ^^^^^^^^^^^^^^^^^^^^^^^^^^^^^^^^^^^^^^^^^^^^
    |   File "E:\Soft\倪海夏三套学习系统\finalhopes-Learning-System\web_app\server.py", line 1537, in _security_middleware
    |     return await call_next(request)
    |            ^^^^^^^^^^^^^^^^^^^^^^^^
    |   File "C:\Users\Administrator\AppData\Local\Programs\Python\Python312\Lib\site-packages\starlette\middleware\base.py", line 168, in call_next
    |     raise app_exc from app_exc.__cause__ or app_exc.__context__
    |   File "C:\Users\Administrator\AppData\Local\Programs\Python\Python312\Lib\site-packages\starlette\middleware\base.py", line 144, in coro
    |     await self.app(scope, receive_or_disconnect, send_no_error)
    |   File "C:\Users\Administrator\AppData\Local\Programs\Python\Python312\Lib\site-packages\starlette\middleware\exceptions.py", line 63, in __call__
    |     await wrap_app_handling_exceptions(self.app, conn)(scope, receive, send)
    |   File "C:\Users\Administrator\AppData\Local\Programs\Python\Python312\Lib\site-packages\starlette\_exception_handler.py", line 53, in wrapped_app
    |     raise exc
    |   File "C:\Users\Administrator\AppData\Local\Programs\Python\Python312\Lib\site-packages\starlette\_exception_handler.py", line 42, in wrapped_app
    |     await app(scope, receive, sender)
    |   File "C:\Users\Administrator\AppData\Local\Programs\Python\Python312\Lib\site-packages\fastapi\middleware\asyncexitstack.py", line 18, in __call__
    |     await self.app(scope, receive, send)
    |   File "C:\Users\Administrator\AppData\Local\Programs\Python\Python312\Lib\site-packages\starlette\routing.py", line 670, in __call__
    |     await self.middleware_stack(scope, receive, send)
    |   File "C:\Users\Administrator\AppData\Local\Programs\Python\Python312\Lib\site-packages\fastapi\routing.py", line 2734, in app
    |     await route.handle(scope, receive, send)
    |   File "C:\Users\Administrator\AppData\Local\Programs\Python\Python312\Lib\site-packages\fastapi\routing.py", line 1281, in handle
    |     await super().handle(scope, receive, send)
    |   File "C:\Users\Administrator\AppData\Local\Programs\Python\Python312\Lib\site-packages\starlette\routing.py", line 280, in handle
    |     await self.app(scope, receive, send)
    |   File "C:\Users\Administrator\AppData\Local\Programs\Python\Python312\Lib\site-packages\fastapi\routing.py", line 158, in app
    |     await wrap_app_handling_exceptions(app, request)(scope, receive, send)
    |   File "C:\Users\Administrator\AppData\Local\Programs\Python\Python312\Lib\site-packages\starlette\_exception_handler.py", line 53, in wrapped_app
    |     raise exc
    |   File "C:\Users\Administrator\AppData\Local\Programs\Python\Python312\Lib\site-packages\starlette\_exception_handler.py", line 42, in wrapped_app
    |     await app(scope, receive, sender)
    |   File "C:\Users\Administrator\AppData\Local\Programs\Python\Python312\Lib\site-packages\fastapi\routing.py", line 144, in app
    |     response = await f(request)
    |                ^^^^^^^^^^^^^^^^
    |   File "C:\Users\Administrator\AppData\Local\Programs\Python\Python312\Lib\site-packages\fastapi\routing.py", line 706, in app
    |     raw_response = await run_endpoint_function(
    |                    ^^^^^^^^^^^^^^^^^^^^^^^^^^^^
    |   File "C:\Users\Administrator\AppData\Local\Programs\Python\Python312\Lib\site-packages\fastapi\routing.py", line 354, in run_endpoint_function
    |     return await run_in_threadpool(dependant.call, **values)
    |            ^^^^^^^^^^^^^^^^^^^^^^^^^^^^^^^^^^^^^^^^^^^^^^^^^
    |   File "C:\Users\Administrator\AppData\Local\Programs\Python\Python312\Lib\site-packages\starlette\concurrency.py", line 34, in run_in_threadpool
    |     return await anyio.to_thread.run_sync(func)
    |            ^^^^^^^^^^^^^^^^^^^^^^^^^^^^^^^^^^^^
    |   File "C:\Users\Administrator\AppData\Local\Programs\Python\Python312\Lib\site-packages\anyio\to_thread.py", line 65, in run_sync
    |     return await get_async_backend().run_sync_in_worker_thread(
    |            ^^^^^^^^^^^^^^^^^^^^^^^^^^^^^^^^^^^^^^^^^^^^^^^^^^^^
    |   File "C:\Users\Administrator\AppData\Local\Programs\Python\Python312\Lib\site-packages\anyio\_backends\_asyncio.py", line 2641, in run_sync_in_worker_thread
    |     return await future
    |            ^^^^^^^^^^^^
    |   File "C:\Users\Administrator\AppData\Local\Programs\Python\Python312\Lib\site-packages\anyio\_backends\_asyncio.py", line 1033, in run
    |     result = context.run(func, *args)
    |              ^^^^^^^^^^^^^^^^^^^^^^^^
    |   File "E:\Soft\倪海夏三套学习系统\finalhopes-Learning-System\web_app\server.py", line 1412, in serve_img
    |     row = db.execute("SELECT data, mime FROM images WHERE name=?", (key,)).fetchone()
    |           ^^^^^^^^^^^^^^^^^^^^^^^^^^^^^^^^^^^^^^^^^^^^^^^^^^^^^^^^^^^^^^^^
    | sqlite3.InterfaceError: bad parameter or other API misuse
    +------------------------------------

The above exception was the direct cause of the following exception:

Traceback (most recent call last):
  File "C:\Users\Administrator\AppData\Local\Programs\Python\Python312\Lib\site-packages\uvicorn\protocols\http\h11_impl.py", line 411, in run_asgi
    result = await app(  # type: ignore[func-returns-value]
             ^^^^^^^^^^^^^^^^^^^^^^^^^^^^^^^^^^^^^^^^^^^^^^
  File "C:\Users\Administrator\AppData\Local\Programs\Python\Python312\Lib\site-packages\uvicorn\middleware\proxy_headers.py", line 63, in __call__
    return await self.app(scope, receive, send)
           ^^^^^^^^^^^^^^^^^^^^^^^^^^^^^^^^^^^^
  File "C:\Users\Administrator\AppData\Local\Programs\Python\Python312\Lib\site-packages\fastapi\applications.py", line 1163, in __call__
    await super().__call__(scope, receive, send)
  File "C:\Users\Administrator\AppData\Local\Programs\Python\Python312\Lib\site-packages\starlette\applications.py", line 96, in __call__
    await self.middleware_stack(scope, receive, send)
  File "C:\Users\Administrator\AppData\Local\Programs\Python\Python312\Lib\site-packages\starlette\middleware\errors.py", line 186, in __call__
    raise exc
  File "C:\Users\Administrator\AppData\Local\Programs\Python\Python312\Lib\site-packages\starlette\middleware\errors.py", line 164, in __call__
    await self.app(scope, receive, _send)
  File "C:\Users\Administrator\AppData\Local\Programs\Python\Python312\Lib\site-packages\starlette\middleware\base.py", line 193, in __call__
    response = await self.dispatch_func(request, call_next)
               ^^^^^^^^^^^^^^^^^^^^^^^^^^^^^^^^^^^^^^^^^^^^
  File "E:\Soft\倪海夏三套学习系统\finalhopes-Learning-System\web_app\server.py", line 1556, in _ensure_data_middleware
    return await call_next(request)
           ^^^^^^^^^^^^^^^^^^^^^^^^
  File "C:\Users\Administrator\AppData\Local\Programs\Python\Python312\Lib\site-packages\starlette\middleware\base.py", line 168, in call_next
    raise app_exc from app_exc.__cause__ or app_exc.__context__
  File "C:\Users\Administrator\AppData\Local\Programs\Python\Python312\Lib\site-packages\starlette\middleware\base.py", line 144, in coro
    await self.app(scope, receive_or_disconnect, send_no_error)
  File "C:\Users\Administrator\AppData\Local\Programs\Python\Python312\Lib\site-packages\starlette\middleware\base.py", line 193, in __call__
    response = await self.dispatch_func(request, call_next)
               ^^^^^^^^^^^^^^^^^^^^^^^^^^^^^^^^^^^^^^^^^^^^
  File "E:\Soft\倪海夏三套学习系统\finalhopes-Learning-System\web_app\server.py", line 1537, in _security_middleware
    return await call_next(request)
           ^^^^^^^^^^^^^^^^^^^^^^^^
  File "C:\Users\Administrator\AppData\Local\Programs\Python\Python312\Lib\site-packages\starlette\middleware\base.py", line 168, in call_next
    raise app_exc from app_exc.__cause__ or app_exc.__context__
  File "C:\Users\Administrator\AppData\Local\Programs\Python\Python312\Lib\site-packages\starlette\middleware\base.py", line 144, in coro
    await self.app(scope, receive_or_disconnect, send_no_error)
  File "C:\Users\Administrator\AppData\Local\Programs\Python\Python312\Lib\site-packages\starlette\middleware\exceptions.py", line 63, in __call__
    await wrap_app_handling_exceptions(self.app, conn)(scope, receive, send)
  File "C:\Users\Administrator\AppData\Local\Programs\Python\Python312\Lib\site-packages\starlette\_exception_handler.py", line 53, in wrapped_app
    raise exc
  File "C:\Users\Administrator\AppData\Local\Programs\Python\Python312\Lib\site-packages\starlette\_exception_handler.py", line 42, in wrapped_app
    await app(scope, receive, sender)
  File "C:\Users\Administrator\AppData\Local\Programs\Python\Python312\Lib\site-packages\fastapi\middleware\asyncexitstack.py", line 18, in __call__
    await self.app(scope, receive, send)
  File "C:\Users\Administrator\AppData\Local\Programs\Python\Python312\Lib\site-packages\starlette\routing.py", line 670, in __call__
    await self.middleware_stack(scope, receive, send)
  File "C:\Users\Administrator\AppData\Local\Programs\Python\Python312\Lib\site-packages\fastapi\routing.py", line 2734, in app
    await route.handle(scope, receive, send)
  File "C:\Users\Administrator\AppData\Local\Programs\Python\Python312\Lib\site-packages\fastapi\routing.py", line 1281, in handle
    await super().handle(scope, receive, send)
  File "C:\Users\Administrator\AppData\Local\Programs\Python\Python312\Lib\site-packages\starlette\routing.py", line 280, in handle
    await self.app(scope, receive, send)
  File "C:\Users\Administrator\AppData\Local\Programs\Python\Python312\Lib\site-packages\fastapi\routing.py", line 158, in app
    await wrap_app_handling_exceptions(app, request)(scope, receive, send)
  File "C:\Users\Administrator\AppData\Local\Programs\Python\Python312\Lib\site-packages\starlette\_exception_handler.py", line 53, in wrapped_app
    raise exc
  File "C:\Users\Administrator\AppData\Local\Programs\Python\Python312\Lib\site-packages\starlette\_exception_handler.py", line 42, in wrapped_app
    await app(scope, receive, sender)
  File "C:\Users\Administrator\AppData\Local\Programs\Python\Python312\Lib\site-packages\fastapi\routing.py", line 144, in app
    response = await f(request)
               ^^^^^^^^^^^^^^^^
  File "C:\Users\Administrator\AppData\Local\Programs\Python\Python312\Lib\site-packages\fastapi\routing.py", line 706, in app
    raw_response = await run_endpoint_function(
                   ^^^^^^^^^^^^^^^^^^^^^^^^^^^^
  File "C:\Users\Administrator\AppData\Local\Programs\Python\Python312\Lib\site-packages\fastapi\routing.py", line 354, in run_endpoint_function
    return await run_in_threadpool(dependant.call, **values)
           ^^^^^^^^^^^^^^^^^^^^^^^^^^^^^^^^^^^^^^^^^^^^^^^^^
  File "C:\Users\Administrator\AppData\Local\Programs\Python\Python312\Lib\site-packages\starlette\concurrency.py", line 34, in run_in_threadpool
    return await anyio.to_thread.run_sync(func)
           ^^^^^^^^^^^^^^^^^^^^^^^^^^^^^^^^^^^^
  File "C:\Users\Administrator\AppData\Local\Programs\Python\Python312\Lib\site-packages\anyio\to_thread.py", line 65, in run_sync
    return await get_async_backend().run_sync_in_worker_thread(
           ^^^^^^^^^^^^^^^^^^^^^^^^^^^^^^^^^^^^^^^^^^^^^^^^^^^^
  File "C:\Users\Administrator\AppData\Local\Programs\Python\Python312\Lib\site-packages\anyio\_backends\_asyncio.py", line 2641, in run_sync_in_worker_thread
    return await future
           ^^^^^^^^^^^^
  File "C:\Users\Administrator\AppData\Local\Programs\Python\Python312\Lib\site-packages\anyio\_backends\_asyncio.py", line 1033, in run
    result = context.run(func, *args)
             ^^^^^^^^^^^^^^^^^^^^^^^^
  File "E:\Soft\倪海夏三套学习系统\finalhopes-Learning-System\web_app\server.py", line 1412, in serve_img
    row = db.execute("SELECT data, mime FROM images WHERE name=?", (key,)).fetchone()
          ^^^^^^^^^^^^^^^^^^^^^^^^^^^^^^^^^^^^^^^^^^^^^^^^^^^^^^^^^^^^^^^^
sqlite3.InterfaceError: bad parameter or other API misuse
ERROR:    Exception in ASGI application
  + Exception Group Traceback (most recent call last):
  |   File "C:\Users\Administrator\AppData\Local\Programs\Python\Python312\Lib\site-packages\starlette\_utils.py", line 85, in create_collapsing_task_group
  |     async with anyio.create_task_group() as tg:
  |   File "C:\Users\Administrator\AppData\Local\Programs\Python\Python312\Lib\site-packages\anyio\_backends\_asyncio.py", line 815, in __aexit__
  |     raise BaseExceptionGroup(
  | ExceptionGroup: unhandled errors in a TaskGroup (1 sub-exception)
  +-+---------------- 1 ----------------
    | Traceback (most recent call last):
    |   File "C:\Users\Administrator\AppData\Local\Programs\Python\Python312\Lib\site-packages\uvicorn\protocols\http\h11_impl.py", line 411, in run_asgi
    |     result = await app(  # type: ignore[func-returns-value]
    |              ^^^^^^^^^^^^^^^^^^^^^^^^^^^^^^^^^^^^^^^^^^^^^^
    |   File "C:\Users\Administrator\AppData\Local\Programs\Python\Python312\Lib\site-packages\uvicorn\middleware\proxy_headers.py", line 63, in __call__
    |     return await self.app(scope, receive, send)
    |            ^^^^^^^^^^^^^^^^^^^^^^^^^^^^^^^^^^^^
    |   File "C:\Users\Administrator\AppData\Local\Programs\Python\Python312\Lib\site-packages\fastapi\applications.py", line 1163, in __call__
    |     await super().__call__(scope, receive, send)
    |   File "C:\Users\Administrator\AppData\Local\Programs\Python\Python312\Lib\site-packages\starlette\applications.py", line 96, in __call__
    |     await self.middleware_stack(scope, receive, send)
    |   File "C:\Users\Administrator\AppData\Local\Programs\Python\Python312\Lib\site-packages\starlette\middleware\errors.py", line 186, in __call__
    |     raise exc
    |   File "C:\Users\Administrator\AppData\Local\Programs\Python\Python312\Lib\site-packages\starlette\middleware\errors.py", line 164, in __call__
    |     await self.app(scope, receive, _send)
    |   File "C:\Users\Administrator\AppData\Local\Programs\Python\Python312\Lib\site-packages\starlette\middleware\base.py", line 193, in __call__
    |     response = await self.dispatch_func(request, call_next)
    |                ^^^^^^^^^^^^^^^^^^^^^^^^^^^^^^^^^^^^^^^^^^^^
    |   File "E:\Soft\倪海夏三套学习系统\finalhopes-Learning-System\web_app\server.py", line 1556, in _ensure_data_middleware
    |     return await call_next(request)
    |            ^^^^^^^^^^^^^^^^^^^^^^^^
    |   File "C:\Users\Administrator\AppData\Local\Programs\Python\Python312\Lib\site-packages\starlette\middleware\base.py", line 168, in call_next
    |     raise app_exc from app_exc.__cause__ or app_exc.__context__
    |   File "C:\Users\Administrator\AppData\Local\Programs\Python\Python312\Lib\site-packages\starlette\middleware\base.py", line 144, in coro
    |     await self.app(scope, receive_or_disconnect, send_no_error)
    |   File "C:\Users\Administrator\AppData\Local\Programs\Python\Python312\Lib\site-packages\starlette\middleware\base.py", line 193, in __call__
    |     response = await self.dispatch_func(request, call_next)
    |                ^^^^^^^^^^^^^^^^^^^^^^^^^^^^^^^^^^^^^^^^^^^^
    |   File "E:\Soft\倪海夏三套学习系统\finalhopes-Learning-System\web_app\server.py", line 1537, in _security_middleware
    |     return await call_next(request)
    |            ^^^^^^^^^^^^^^^^^^^^^^^^
    |   File "C:\Users\Administrator\AppData\Local\Programs\Python\Python312\Lib\site-packages\starlette\middleware\base.py", line 168, in call_next
    |     raise app_exc from app_exc.__cause__ or app_exc.__context__
    |   File "C:\Users\Administrator\AppData\Local\Programs\Python\Python312\Lib\site-packages\starlette\middleware\base.py", line 144, in coro
    |     await self.app(scope, receive_or_disconnect, send_no_error)
    |   File "C:\Users\Administrator\AppData\Local\Programs\Python\Python312\Lib\site-packages\starlette\middleware\exceptions.py", line 63, in __call__
    |     await wrap_app_handling_exceptions(self.app, conn)(scope, receive, send)
    |   File "C:\Users\Administrator\AppData\Local\Programs\Python\Python312\Lib\site-packages\starlette\_exception_handler.py", line 53, in wrapped_app
    |     raise exc
    |   File "C:\Users\Administrator\AppData\Local\Programs\Python\Python312\Lib\site-packages\starlette\_exception_handler.py", line 42, in wrapped_app
    |     await app(scope, receive, sender)
    |   File "C:\Users\Administrator\AppData\Local\Programs\Python\Python312\Lib\site-packages\fastapi\middleware\asyncexitstack.py", line 18, in __call__
    |     await self.app(scope, receive, send)
    |   File "C:\Users\Administrator\AppData\Local\Programs\Python\Python312\Lib\site-packages\starlette\routing.py", line 670, in __call__
    |     await self.middleware_stack(scope, receive, send)
    |   File "C:\Users\Administrator\AppData\Local\Programs\Python\Python312\Lib\site-packages\fastapi\routing.py", line 2734, in app
    |     await route.handle(scope, receive, send)
    |   File "C:\Users\Administrator\AppData\Local\Programs\Python\Python312\Lib\site-packages\fastapi\routing.py", line 1281, in handle
    |     await super().handle(scope, receive, send)
    |   File "C:\Users\Administrator\AppData\Local\Programs\Python\Python312\Lib\site-packages\starlette\routing.py", line 280, in handle
    |     await self.app(scope, receive, send)
    |   File "C:\Users\Administrator\AppData\Local\Programs\Python\Python312\Lib\site-packages\fastapi\routing.py", line 158, in app
    |     await wrap_app_handling_exceptions(app, request)(scope, receive, send)
    |   File "C:\Users\Administrator\AppData\Local\Programs\Python\Python312\Lib\site-packages\starlette\_exception_handler.py", line 53, in wrapped_app
    |     raise exc
    |   File "C:\Users\Administrator\AppData\Local\Programs\Python\Python312\Lib\site-packages\starlette\_exception_handler.py", line 42, in wrapped_app
    |     await app(scope, receive, sender)
    |   File "C:\Users\Administrator\AppData\Local\Programs\Python\Python312\Lib\site-packages\fastapi\routing.py", line 144, in app
    |     response = await f(request)
    |                ^^^^^^^^^^^^^^^^
    |   File "C:\Users\Administrator\AppData\Local\Programs\Python\Python312\Lib\site-packages\fastapi\routing.py", line 706, in app
    |     raw_response = await run_endpoint_function(
    |                    ^^^^^^^^^^^^^^^^^^^^^^^^^^^^
    |   File "C:\Users\Administrator\AppData\Local\Programs\Python\Python312\Lib\site-packages\fastapi\routing.py", line 354, in run_endpoint_function
    |     return await run_in_threadpool(dependant.call, **values)
    |            ^^^^^^^^^^^^^^^^^^^^^^^^^^^^^^^^^^^^^^^^^^^^^^^^^
    |   File "C:\Users\Administrator\AppData\Local\Programs\Python\Python312\Lib\site-packages\starlette\concurrency.py", line 34, in run_in_threadpool
    |     return await anyio.to_thread.run_sync(func)
    |            ^^^^^^^^^^^^^^^^^^^^^^^^^^^^^^^^^^^^
    |   File "C:\Users\Administrator\AppData\Local\Programs\Python\Python312\Lib\site-packages\anyio\to_thread.py", line 65, in run_sync
    |     return await get_async_backend().run_sync_in_worker_thread(
    |            ^^^^^^^^^^^^^^^^^^^^^^^^^^^^^^^^^^^^^^^^^^^^^^^^^^^^
    |   File "C:\Users\Administrator\AppData\Local\Programs\Python\Python312\Lib\site-packages\anyio\_backends\_asyncio.py", line 2641, in run_sync_in_worker_thread
    |     return await future
    |            ^^^^^^^^^^^^
    |   File "C:\Users\Administrator\AppData\Local\Programs\Python\Python312\Lib\site-packages\anyio\_backends\_asyncio.py", line 1033, in run
    |     result = context.run(func, *args)
    |              ^^^^^^^^^^^^^^^^^^^^^^^^
    |   File "E:\Soft\倪海夏三套学习系统\finalhopes-Learning-System\web_app\server.py", line 1412, in serve_img
    |     row = db.execute("SELECT data, mime FROM images WHERE name=?", (key,)).fetchone()
    |           ^^^^^^^^^^^^^^^^^^^^^^^^^^^^^^^^^^^^^^^^^^^^^^^^^^^^^^^^^^^^^^^^
    | sqlite3.InterfaceError: bad parameter or other API misuse
    +------------------------------------

The above exception was the direct cause of the following exception:

Traceback (most recent call last):
  File "C:\Users\Administrator\AppData\Local\Programs\Python\Python312\Lib\site-packages\uvicorn\protocols\http\h11_impl.py", line 411, in run_asgi
    result = await app(  # type: ignore[func-returns-value]
             ^^^^^^^^^^^^^^^^^^^^^^^^^^^^^^^^^^^^^^^^^^^^^^
  File "C:\Users\Administrator\AppData\Local\Programs\Python\Python312\Lib\site-packages\uvicorn\middleware\proxy_headers.py", line 63, in __call__
    return await self.app(scope, receive, send)
           ^^^^^^^^^^^^^^^^^^^^^^^^^^^^^^^^^^^^
  File "C:\Users\Administrator\AppData\Local\Programs\Python\Python312\Lib\site-packages\fastapi\applications.py", line 1163, in __call__
    await super().__call__(scope, receive, send)
  File "C:\Users\Administrator\AppData\Local\Programs\Python\Python312\Lib\site-packages\starlette\applications.py", line 96, in __call__
    await self.middleware_stack(scope, receive, send)
  File "C:\Users\Administrator\AppData\Local\Programs\Python\Python312\Lib\site-packages\starlette\middleware\errors.py", line 186, in __call__
    raise exc
  File "C:\Users\Administrator\AppData\Local\Programs\Python\Python312\Lib\site-packages\starlette\middleware\errors.py", line 164, in __call__
    await self.app(scope, receive, _send)
  File "C:\Users\Administrator\AppData\Local\Programs\Python\Python312\Lib\site-packages\starlette\middleware\base.py", line 193, in __call__
    response = await self.dispatch_func(request, call_next)
               ^^^^^^^^^^^^^^^^^^^^^^^^^^^^^^^^^^^^^^^^^^^^
  File "E:\Soft\倪海夏三套学习系统\finalhopes-Learning-System\web_app\server.py", line 1556, in _ensure_data_middleware
    return await call_next(request)
           ^^^^^^^^^^^^^^^^^^^^^^^^
  File "C:\Users\Administrator\AppData\Local\Programs\Python\Python312\Lib\site-packages\starlette\middleware\base.py", line 168, in call_next
    raise app_exc from app_exc.__cause__ or app_exc.__context__
  File "C:\Users\Administrator\AppData\Local\Programs\Python\Python312\Lib\site-packages\starlette\middleware\base.py", line 144, in coro
    await self.app(scope, receive_or_disconnect, send_no_error)
  File "C:\Users\Administrator\AppData\Local\Programs\Python\Python312\Lib\site-packages\starlette\middleware\base.py", line 193, in __call__
    response = await self.dispatch_func(request, call_next)
               ^^^^^^^^^^^^^^^^^^^^^^^^^^^^^^^^^^^^^^^^^^^^
  File "E:\Soft\倪海夏三套学习系统\finalhopes-Learning-System\web_app\server.py", line 1537, in _security_middleware
    return await call_next(request)
           ^^^^^^^^^^^^^^^^^^^^^^^^
  File "C:\Users\Administrator\AppData\Local\Programs\Python\Python312\Lib\site-packages\starlette\middleware\base.py", line 168, in call_next
    raise app_exc from app_exc.__cause__ or app_exc.__context__
  File "C:\Users\Administrator\AppData\Local\Programs\Python\Python312\Lib\site-packages\starlette\middleware\base.py", line 144, in coro
    await self.app(scope, receive_or_disconnect, send_no_error)
  File "C:\Users\Administrator\AppData\Local\Programs\Python\Python312\Lib\site-packages\starlette\middleware\exceptions.py", line 63, in __call__
    await wrap_app_handling_exceptions(self.app, conn)(scope, receive, send)
  File "C:\Users\Administrator\AppData\Local\Programs\Python\Python312\Lib\site-packages\starlette\_exception_handler.py", line 53, in wrapped_app
    raise exc
  File "C:\Users\Administrator\AppData\Local\Programs\Python\Python312\Lib\site-packages\starlette\_exception_handler.py", line 42, in wrapped_app
    await app(scope, receive, sender)
  File "C:\Users\Administrator\AppData\Local\Programs\Python\Python312\Lib\site-packages\fastapi\middleware\asyncexitstack.py", line 18, in __call__
    await self.app(scope, receive, send)
  File "C:\Users\Administrator\AppData\Local\Programs\Python\Python312\Lib\site-packages\starlette\routing.py", line 670, in __call__
    await self.middleware_stack(scope, receive, send)
  File "C:\Users\Administrator\AppData\Local\Programs\Python\Python312\Lib\site-packages\fastapi\routing.py", line 2734, in app
    await route.handle(scope, receive, send)
  File "C:\Users\Administrator\AppData\Local\Programs\Python\Python312\Lib\site-packages\fastapi\routing.py", line 1281, in handle
    await super().handle(scope, receive, send)
  File "C:\Users\Administrator\AppData\Local\Programs\Python\Python312\Lib\site-packages\starlette\routing.py", line 280, in handle
    await self.app(scope, receive, send)
  File "C:\Users\Administrator\AppData\Local\Programs\Python\Python312\Lib\site-packages\fastapi\routing.py", line 158, in app
    await wrap_app_handling_exceptions(app, request)(scope, receive, send)
  File "C:\Users\Administrator\AppData\Local\Programs\Python\Python312\Lib\site-packages\starlette\_exception_handler.py", line 53, in wrapped_app
    raise exc
  File "C:\Users\Administrator\AppData\Local\Programs\Python\Python312\Lib\site-packages\starlette\_exception_handler.py", line 42, in wrapped_app
    await app(scope, receive, sender)
  File "C:\Users\Administrator\AppData\Local\Programs\Python\Python312\Lib\site-packages\fastapi\routing.py", line 144, in app
    response = await f(request)
               ^^^^^^^^^^^^^^^^
  File "C:\Users\Administrator\AppData\Local\Programs\Python\Python312\Lib\site-packages\fastapi\routing.py", line 706, in app
    raw_response = await run_endpoint_function(
                   ^^^^^^^^^^^^^^^^^^^^^^^^^^^^
  File "C:\Users\Administrator\AppData\Local\Programs\Python\Python312\Lib\site-packages\fastapi\routing.py", line 354, in run_endpoint_function
    return await run_in_threadpool(dependant.call, **values)
           ^^^^^^^^^^^^^^^^^^^^^^^^^^^^^^^^^^^^^^^^^^^^^^^^^
  File "C:\Users\Administrator\AppData\Local\Programs\Python\Python312\Lib\site-packages\starlette\concurrency.py", line 34, in run_in_threadpool
    return await anyio.to_thread.run_sync(func)
           ^^^^^^^^^^^^^^^^^^^^^^^^^^^^^^^^^^^^
  File "C:\Users\Administrator\AppData\Local\Programs\Python\Python312\Lib\site-packages\anyio\to_thread.py", line 65, in run_sync
    return await get_async_backend().run_sync_in_worker_thread(
           ^^^^^^^^^^^^^^^^^^^^^^^^^^^^^^^^^^^^^^^^^^^^^^^^^^^^
  File "C:\Users\Administrator\AppData\Local\Programs\Python\Python312\Lib\site-packages\anyio\_backends\_asyncio.py", line 2641, in run_sync_in_worker_thread
    return await future
           ^^^^^^^^^^^^
  File "C:\Users\Administrator\AppData\Local\Programs\Python\Python312\Lib\site-packages\anyio\_backends\_asyncio.py", line 1033, in run
    result = context.run(func, *args)
             ^^^^^^^^^^^^^^^^^^^^^^^^
  File "E:\Soft\倪海夏三套学习系统\finalhopes-Learning-System\web_app\server.py", line 1412, in serve_img
    row = db.execute("SELECT data, mime FROM images WHERE name=?", (key,)).fetchone()
          ^^^^^^^^^^^^^^^^^^^^^^^^^^^^^^^^^^^^^^^^^^^^^^^^^^^^^^^^^^^^^^^^
sqlite3.InterfaceError: bad parameter or other API misuse
ERROR:    Exception in ASGI application
  + Exception Group Traceback (most recent call last):
  |   File "C:\Users\Administrator\AppData\Local\Programs\Python\Python312\Lib\site-packages\starlette\_utils.py", line 85, in create_collapsing_task_group
  |     async with anyio.create_task_group() as tg:
  |   File "C:\Users\Administrator\AppData\Local\Programs\Python\Python312\Lib\site-packages\anyio\_backends\_asyncio.py", line 815, in __aexit__
  |     raise BaseExceptionGroup(
  | ExceptionGroup: unhandled errors in a TaskGroup (1 sub-exception)
  +-+---------------- 1 ----------------
    | Traceback (most recent call last):
    |   File "C:\Users\Administrator\AppData\Local\Programs\Python\Python312\Lib\site-packages\uvicorn\protocols\http\h11_impl.py", line 411, in run_asgi
    |     result = await app(  # type: ignore[func-returns-value]
    |              ^^^^^^^^^^^^^^^^^^^^^^^^^^^^^^^^^^^^^^^^^^^^^^
    |   File "C:\Users\Administrator\AppData\Local\Programs\Python\Python312\Lib\site-packages\uvicorn\middleware\proxy_headers.py", line 63, in __call__
    |     return await self.app(scope, receive, send)
    |            ^^^^^^^^^^^^^^^^^^^^^^^^^^^^^^^^^^^^
    |   File "C:\Users\Administrator\AppData\Local\Programs\Python\Python312\Lib\site-packages\fastapi\applications.py", line 1163, in __call__
    |     await super().__call__(scope, receive, send)
    |   File "C:\Users\Administrator\AppData\Local\Programs\Python\Python312\Lib\site-packages\starlette\applications.py", line 96, in __call__
    |     await self.middleware_stack(scope, receive, send)
    |   File "C:\Users\Administrator\AppData\Local\Programs\Python\Python312\Lib\site-packages\starlette\middleware\errors.py", line 186, in __call__
    |     raise exc
    |   File "C:\Users\Administrator\AppData\Local\Programs\Python\Python312\Lib\site-packages\starlette\middleware\errors.py", line 164, in __call__
    |     await self.app(scope, receive, _send)
    |   File "C:\Users\Administrator\AppData\Local\Programs\Python\Python312\Lib\site-packages\starlette\middleware\base.py", line 193, in __call__
    |     response = await self.dispatch_func(request, call_next)
    |                ^^^^^^^^^^^^^^^^^^^^^^^^^^^^^^^^^^^^^^^^^^^^
    |   File "E:\Soft\倪海夏三套学习系统\finalhopes-Learning-System\web_app\server.py", line 1556, in _ensure_data_middleware
    |     return await call_next(request)
    |            ^^^^^^^^^^^^^^^^^^^^^^^^
    |   File "C:\Users\Administrator\AppData\Local\Programs\Python\Python312\Lib\site-packages\starlette\middleware\base.py", line 168, in call_next
    |     raise app_exc from app_exc.__cause__ or app_exc.__context__
    |   File "C:\Users\Administrator\AppData\Local\Programs\Python\Python312\Lib\site-packages\starlette\middleware\base.py", line 144, in coro
    |     await self.app(scope, receive_or_disconnect, send_no_error)
    |   File "C:\Users\Administrator\AppData\Local\Programs\Python\Python312\Lib\site-packages\starlette\middleware\base.py", line 193, in __call__
    |     response = await self.dispatch_func(request, call_next)
    |                ^^^^^^^^^^^^^^^^^^^^^^^^^^^^^^^^^^^^^^^^^^^^
    |   File "E:\Soft\倪海夏三套学习系统\finalhopes-Learning-System\web_app\server.py", line 1537, in _security_middleware
    |     return await call_next(request)
    |            ^^^^^^^^^^^^^^^^^^^^^^^^
    |   File "C:\Users\Administrator\AppData\Local\Programs\Python\Python312\Lib\site-packages\starlette\middleware\base.py", line 168, in call_next
    |     raise app_exc from app_exc.__cause__ or app_exc.__context__
    |   File "C:\Users\Administrator\AppData\Local\Programs\Python\Python312\Lib\site-packages\starlette\middleware\base.py", line 144, in coro
    |     await self.app(scope, receive_or_disconnect, send_no_error)
    |   File "C:\Users\Administrator\AppData\Local\Programs\Python\Python312\Lib\site-packages\starlette\middleware\exceptions.py", line 63, in __call__
    |     await wrap_app_handling_exceptions(self.app, conn)(scope, receive, send)
    |   File "C:\Users\Administrator\AppData\Local\Programs\Python\Python312\Lib\site-packages\starlette\_exception_handler.py", line 53, in wrapped_app
    |     raise exc
    |   File "C:\Users\Administrator\AppData\Local\Programs\Python\Python312\Lib\site-packages\starlette\_exception_handler.py", line 42, in wrapped_app
    |     await app(scope, receive, sender)
    |   File "C:\Users\Administrator\AppData\Local\Programs\Python\Python312\Lib\site-packages\fastapi\middleware\asyncexitstack.py", line 18, in __call__
    |     await self.app(scope, receive, send)
    |   File "C:\Users\Administrator\AppData\Local\Programs\Python\Python312\Lib\site-packages\starlette\routing.py", line 670, in __call__
    |     await self.middleware_stack(scope, receive, send)
    |   File "C:\Users\Administrator\AppData\Local\Programs\Python\Python312\Lib\site-packages\fastapi\routing.py", line 2734, in app
    |     await route.handle(scope, receive, send)
    |   File "C:\Users\Administrator\AppData\Local\Programs\Python\Python312\Lib\site-packages\fastapi\routing.py", line 1281, in handle
    |     await super().handle(scope, receive, send)
    |   File "C:\Users\Administrator\AppData\Local\Programs\Python\Python312\Lib\site-packages\starlette\routing.py", line 280, in handle
    |     await self.app(scope, receive, send)
    |   File "C:\Users\Administrator\AppData\Local\Programs\Python\Python312\Lib\site-packages\fastapi\routing.py", line 158, in app
    |     await wrap_app_handling_exceptions(app, request)(scope, receive, send)
    |   File "C:\Users\Administrator\AppData\Local\Programs\Python\Python312\Lib\site-packages\starlette\_exception_handler.py", line 53, in wrapped_app
    |     raise exc
    |   File "C:\Users\Administrator\AppData\Local\Programs\Python\Python312\Lib\site-packages\starlette\_exception_handler.py", line 42, in wrapped_app
    |     await app(scope, receive, sender)
    |   File "C:\Users\Administrator\AppData\Local\Programs\Python\Python312\Lib\site-packages\fastapi\routing.py", line 144, in app
    |     response = await f(request)
    |                ^^^^^^^^^^^^^^^^
    |   File "C:\Users\Administrator\AppData\Local\Programs\Python\Python312\Lib\site-packages\fastapi\routing.py", line 706, in app
    |     raw_response = await run_endpoint_function(
    |                    ^^^^^^^^^^^^^^^^^^^^^^^^^^^^
    |   File "C:\Users\Administrator\AppData\Local\Programs\Python\Python312\Lib\site-packages\fastapi\routing.py", line 354, in run_endpoint_function
    |     return await run_in_threadpool(dependant.call, **values)
    |            ^^^^^^^^^^^^^^^^^^^^^^^^^^^^^^^^^^^^^^^^^^^^^^^^^
    |   File "C:\Users\Administrator\AppData\Local\Programs\Python\Python312\Lib\site-packages\starlette\concurrency.py", line 34, in run_in_threadpool
    |     return await anyio.to_thread.run_sync(func)
    |            ^^^^^^^^^^^^^^^^^^^^^^^^^^^^^^^^^^^^
    |   File "C:\Users\Administrator\AppData\Local\Programs\Python\Python312\Lib\site-packages\anyio\to_thread.py", line 65, in run_sync
    |     return await get_async_backend().run_sync_in_worker_thread(
    |            ^^^^^^^^^^^^^^^^^^^^^^^^^^^^^^^^^^^^^^^^^^^^^^^^^^^^
    |   File "C:\Users\Administrator\AppData\Local\Programs\Python\Python312\Lib\site-packages\anyio\_backends\_asyncio.py", line 2641, in run_sync_in_worker_thread
    |     return await future
    |            ^^^^^^^^^^^^
    |   File "C:\Users\Administrator\AppData\Local\Programs\Python\Python312\Lib\site-packages\anyio\_backends\_asyncio.py", line 1033, in run
    |     result = context.run(func, *args)
    |              ^^^^^^^^^^^^^^^^^^^^^^^^
    |   File "E:\Soft\倪海夏三套学习系统\finalhopes-Learning-System\web_app\server.py", line 1412, in serve_img
    |     row = db.execute("SELECT data, mime FROM images WHERE name=?", (key,)).fetchone()
    |           ^^^^^^^^^^^^^^^^^^^^^^^^^^^^^^^^^^^^^^^^^^^^^^^^^^^^^^^^^^^^^^^^
    | sqlite3.InterfaceError: bad parameter or other API misuse
    +------------------------------------

The above exception was the direct cause of the following exception:

Traceback (most recent call last):
  File "C:\Users\Administrator\AppData\Local\Programs\Python\Python312\Lib\site-packages\uvicorn\protocols\http\h11_impl.py", line 411, in run_asgi
    result = await app(  # type: ignore[func-returns-value]
             ^^^^^^^^^^^^^^^^^^^^^^^^^^^^^^^^^^^^^^^^^^^^^^
  File "C:\Users\Administrator\AppData\Local\Programs\Python\Python312\Lib\site-packages\uvicorn\middleware\proxy_headers.py", line 63, in __call__
    return await self.app(scope, receive, send)
           ^^^^^^^^^^^^^^^^^^^^^^^^^^^^^^^^^^^^
  File "C:\Users\Administrator\AppData\Local\Programs\Python\Python312\Lib\site-packages\fastapi\applications.py", line 1163, in __call__
    await super().__call__(scope, receive, send)
  File "C:\Users\Administrator\AppData\Local\Programs\Python\Python312\Lib\site-packages\starlette\applications.py", line 96, in __call__
    await self.middleware_stack(scope, receive, send)
  File "C:\Users\Administrator\AppData\Local\Programs\Python\Python312\Lib\site-packages\starlette\middleware\errors.py", line 186, in __call__
    raise exc
  File "C:\Users\Administrator\AppData\Local\Programs\Python\Python312\Lib\site-packages\starlette\middleware\errors.py", line 164, in __call__
    await self.app(scope, receive, _send)
  File "C:\Users\Administrator\AppData\Local\Programs\Python\Python312\Lib\site-packages\starlette\middleware\base.py", line 193, in __call__
    response = await self.dispatch_func(request, call_next)
               ^^^^^^^^^^^^^^^^^^^^^^^^^^^^^^^^^^^^^^^^^^^^
  File "E:\Soft\倪海夏三套学习系统\finalhopes-Learning-System\web_app\server.py", line 1556, in _ensure_data_middleware
    return await call_next(request)
           ^^^^^^^^^^^^^^^^^^^^^^^^
  File "C:\Users\Administrator\AppData\Local\Programs\Python\Python312\Lib\site-packages\starlette\middleware\base.py", line 168, in call_next
    raise app_exc from app_exc.__cause__ or app_exc.__context__
  File "C:\Users\Administrator\AppData\Local\Programs\Python\Python312\Lib\site-packages\starlette\middleware\base.py", line 144, in coro
    await self.app(scope, receive_or_disconnect, send_no_error)
  File "C:\Users\Administrator\AppData\Local\Programs\Python\Python312\Lib\site-packages\starlette\middleware\base.py", line 193, in __call__
    response = await self.dispatch_func(request, call_next)
               ^^^^^^^^^^^^^^^^^^^^^^^^^^^^^^^^^^^^^^^^^^^^
  File "E:\Soft\倪海夏三套学习系统\finalhopes-Learning-System\web_app\server.py", line 1537, in _security_middleware
    return await call_next(request)
           ^^^^^^^^^^^^^^^^^^^^^^^^
  File "C:\Users\Administrator\AppData\Local\Programs\Python\Python312\Lib\site-packages\starlette\middleware\base.py", line 168, in call_next
    raise app_exc from app_exc.__cause__ or app_exc.__context__
  File "C:\Users\Administrator\AppData\Local\Programs\Python\Python312\Lib\site-packages\starlette\middleware\base.py", line 144, in coro
    await self.app(scope, receive_or_disconnect, send_no_error)
  File "C:\Users\Administrator\AppData\Local\Programs\Python\Python312\Lib\site-packages\starlette\middleware\exceptions.py", line 63, in __call__
    await wrap_app_handling_exceptions(self.app, conn)(scope, receive, send)
  File "C:\Users\Administrator\AppData\Local\Programs\Python\Python312\Lib\site-packages\starlette\_exception_handler.py", line 53, in wrapped_app
    raise exc
  File "C:\Users\Administrator\AppData\Local\Programs\Python\Python312\Lib\site-packages\starlette\_exception_handler.py", line 42, in wrapped_app
    await app(scope, receive, sender)
  File "C:\Users\Administrator\AppData\Local\Programs\Python\Python312\Lib\site-packages\fastapi\middleware\asyncexitstack.py", line 18, in __call__
    await self.app(scope, receive, send)
  File "C:\Users\Administrator\AppData\Local\Programs\Python\Python312\Lib\site-packages\starlette\routing.py", line 670, in __call__
    await self.middleware_stack(scope, receive, send)
  File "C:\Users\Administrator\AppData\Local\Programs\Python\Python312\Lib\site-packages\fastapi\routing.py", line 2734, in app
    await route.handle(scope, receive, send)
  File "C:\Users\Administrator\AppData\Local\Programs\Python\Python312\Lib\site-packages\fastapi\routing.py", line 1281, in handle
    await super().handle(scope, receive, send)
  File "C:\Users\Administrator\AppData\Local\Programs\Python\Python312\Lib\site-packages\starlette\routing.py", line 280, in handle
    await self.app(scope, receive, send)
  File "C:\Users\Administrator\AppData\Local\Programs\Python\Python312\Lib\site-packages\fastapi\routing.py", line 158, in app
    await wrap_app_handling_exceptions(app, request)(scope, receive, send)
  File "C:\Users\Administrator\AppData\Local\Programs\Python\Python312\Lib\site-packages\starlette\_exception_handler.py", line 53, in wrapped_app
    raise exc
  File "C:\Users\Administrator\AppData\Local\Programs\Python\Python312\Lib\site-packages\starlette\_exception_handler.py", line 42, in wrapped_app
    await app(scope, receive, sender)
  File "C:\Users\Administrator\AppData\Local\Programs\Python\Python312\Lib\site-packages\fastapi\routing.py", line 144, in app
    response = await f(request)
               ^^^^^^^^^^^^^^^^
  File "C:\Users\Administrator\AppData\Local\Programs\Python\Python312\Lib\site-packages\fastapi\routing.py", line 706, in app
    raw_response = await run_endpoint_function(
                   ^^^^^^^^^^^^^^^^^^^^^^^^^^^^
  File "C:\Users\Administrator\AppData\Local\Programs\Python\Python312\Lib\site-packages\fastapi\routing.py", line 354, in run_endpoint_function
    return await run_in_threadpool(dependant.call, **values)
           ^^^^^^^^^^^^^^^^^^^^^^^^^^^^^^^^^^^^^^^^^^^^^^^^^
  File "C:\Users\Administrator\AppData\Local\Programs\Python\Python312\Lib\site-packages\starlette\concurrency.py", line 34, in run_in_threadpool
    return await anyio.to_thread.run_sync(func)
           ^^^^^^^^^^^^^^^^^^^^^^^^^^^^^^^^^^^^
  File "C:\Users\Administrator\AppData\Local\Programs\Python\Python312\Lib\site-packages\anyio\to_thread.py", line 65, in run_sync
    return await get_async_backend().run_sync_in_worker_thread(
           ^^^^^^^^^^^^^^^^^^^^^^^^^^^^^^^^^^^^^^^^^^^^^^^^^^^^
  File "C:\Users\Administrator\AppData\Local\Programs\Python\Python312\Lib\site-packages\anyio\_backends\_asyncio.py", line 2641, in run_sync_in_worker_thread
    return await future
           ^^^^^^^^^^^^
  File "C:\Users\Administrator\AppData\Local\Programs\Python\Python312\Lib\site-packages\anyio\_backends\_asyncio.py", line 1033, in run
    result = context.run(func, *args)
             ^^^^^^^^^^^^^^^^^^^^^^^^
  File "E:\Soft\倪海夏三套学习系统\finalhopes-Learning-System\web_app\server.py", line 1412, in serve_img
    row = db.execute("SELECT data, mime FROM images WHERE name=?", (key,)).fetchone()
          ^^^^^^^^^^^^^^^^^^^^^^^^^^^^^^^^^^^^^^^^^^^^^^^^^^^^^^^^^^^^^^^^
sqlite3.InterfaceError: bad parameter or other API misuse
ERROR:    Exception in ASGI application
  + Exception Group Traceback (most recent call last):
  |   File "C:\Users\Administrator\AppData\Local\Programs\Python\Python312\Lib\site-packages\starlette\_utils.py", line 85, in create_collapsing_task_group
  |     async with anyio.create_task_group() as tg:
  |   File "C:\Users\Administrator\AppData\Local\Programs\Python\Python312\Lib\site-packages\anyio\_backends\_asyncio.py", line 815, in __aexit__
  |     raise BaseExceptionGroup(
  | ExceptionGroup: unhandled errors in a TaskGroup (1 sub-exception)
  +-+---------------- 1 ----------------
    | Traceback (most recent call last):
    |   File "C:\Users\Administrator\AppData\Local\Programs\Python\Python312\Lib\site-packages\uvicorn\protocols\http\h11_impl.py", line 411, in run_asgi
    |     result = await app(  # type: ignore[func-returns-value]
    |              ^^^^^^^^^^^^^^^^^^^^^^^^^^^^^^^^^^^^^^^^^^^^^^
    |   File "C:\Users\Administrator\AppData\Local\Programs\Python\Python312\Lib\site-packages\uvicorn\middleware\proxy_headers.py", line 63, in __call__
    |     return await self.app(scope, receive, send)
    |            ^^^^^^^^^^^^^^^^^^^^^^^^^^^^^^^^^^^^
    |   File "C:\Users\Administrator\AppData\Local\Programs\Python\Python312\Lib\site-packages\fastapi\applications.py", line 1163, in __call__
    |     await super().__call__(scope, receive, send)
    |   File "C:\Users\Administrator\AppData\Local\Programs\Python\Python312\Lib\site-packages\starlette\applications.py", line 96, in __call__
    |     await self.middleware_stack(scope, receive, send)
    |   File "C:\Users\Administrator\AppData\Local\Programs\Python\Python312\Lib\site-packages\starlette\middleware\errors.py", line 186, in __call__
    |     raise exc
    |   File "C:\Users\Administrator\AppData\Local\Programs\Python\Python312\Lib\site-packages\starlette\middleware\errors.py", line 164, in __call__
    |     await self.app(scope, receive, _send)
    |   File "C:\Users\Administrator\AppData\Local\Programs\Python\Python312\Lib\site-packages\starlette\middleware\base.py", line 193, in __call__
    |     response = await self.dispatch_func(request, call_next)
    |                ^^^^^^^^^^^^^^^^^^^^^^^^^^^^^^^^^^^^^^^^^^^^
    |   File "E:\Soft\倪海夏三套学习系统\finalhopes-Learning-System\web_app\server.py", line 1556, in _ensure_data_middleware
    |     return await call_next(request)
    |            ^^^^^^^^^^^^^^^^^^^^^^^^
    |   File "C:\Users\Administrator\AppData\Local\Programs\Python\Python312\Lib\site-packages\starlette\middleware\base.py", line 168, in call_next
    |     raise app_exc from app_exc.__cause__ or app_exc.__context__
    |   File "C:\Users\Administrator\AppData\Local\Programs\Python\Python312\Lib\site-packages\starlette\middleware\base.py", line 144, in coro
    |     await self.app(scope, receive_or_disconnect, send_no_error)
    |   File "C:\Users\Administrator\AppData\Local\Programs\Python\Python312\Lib\site-packages\starlette\middleware\base.py", line 193, in __call__
    |     response = await self.dispatch_func(request, call_next)
    |                ^^^^^^^^^^^^^^^^^^^^^^^^^^^^^^^^^^^^^^^^^^^^
    |   File "E:\Soft\倪海夏三套学习系统\finalhopes-Learning-System\web_app\server.py", line 1537, in _security_middleware
    |     return await call_next(request)
    |            ^^^^^^^^^^^^^^^^^^^^^^^^
    |   File "C:\Users\Administrator\AppData\Local\Programs\Python\Python312\Lib\site-packages\starlette\middleware\base.py", line 168, in call_next
    |     raise app_exc from app_exc.__cause__ or app_exc.__context__
    |   File "C:\Users\Administrator\AppData\Local\Programs\Python\Python312\Lib\site-packages\starlette\middleware\base.py", line 144, in coro
    |     await self.app(scope, receive_or_disconnect, send_no_error)
    |   File "C:\Users\Administrator\AppData\Local\Programs\Python\Python312\Lib\site-packages\starlette\middleware\exceptions.py", line 63, in __call__
    |     await wrap_app_handling_exceptions(self.app, conn)(scope, receive, send)
    |   File "C:\Users\Administrator\AppData\Local\Programs\Python\Python312\Lib\site-packages\starlette\_exception_handler.py", line 53, in wrapped_app
    |     raise exc
    |   File "C:\Users\Administrator\AppData\Local\Programs\Python\Python312\Lib\site-packages\starlette\_exception_handler.py", line 42, in wrapped_app
    |     await app(scope, receive, sender)
    |   File "C:\Users\Administrator\AppData\Local\Programs\Python\Python312\Lib\site-packages\fastapi\middleware\asyncexitstack.py", line 18, in __call__
    |     await self.app(scope, receive, send)
    |   File "C:\Users\Administrator\AppData\Local\Programs\Python\Python312\Lib\site-packages\starlette\routing.py", line 670, in __call__
    |     await self.middleware_stack(scope, receive, send)
    |   File "C:\Users\Administrator\AppData\Local\Programs\Python\Python312\Lib\site-packages\fastapi\routing.py", line 2734, in app
    |     await route.handle(scope, receive, send)
    |   File "C:\Users\Administrator\AppData\Local\Programs\Python\Python312\Lib\site-packages\fastapi\routing.py", line 1281, in handle
    |     await super().handle(scope, receive, send)
    |   File "C:\Users\Administrator\AppData\Local\Programs\Python\Python312\Lib\site-packages\starlette\routing.py", line 280, in handle
    |     await self.app(scope, receive, send)
    |   File "C:\Users\Administrator\AppData\Local\Programs\Python\Python312\Lib\site-packages\fastapi\routing.py", line 158, in app
    |     await wrap_app_handling_exceptions(app, request)(scope, receive, send)
    |   File "C:\Users\Administrator\AppData\Local\Programs\Python\Python312\Lib\site-packages\starlette\_exception_handler.py", line 53, in wrapped_app
    |     raise exc
    |   File "C:\Users\Administrator\AppData\Local\Programs\Python\Python312\Lib\site-packages\starlette\_exception_handler.py", line 42, in wrapped_app
    |     await app(scope, receive, sender)
    |   File "C:\Users\Administrator\AppData\Local\Programs\Python\Python312\Lib\site-packages\fastapi\routing.py", line 144, in app
    |     response = await f(request)
    |                ^^^^^^^^^^^^^^^^
    |   File "C:\Users\Administrator\AppData\Local\Programs\Python\Python312\Lib\site-packages\fastapi\routing.py", line 706, in app
    |     raw_response = await run_endpoint_function(
    |                    ^^^^^^^^^^^^^^^^^^^^^^^^^^^^
    |   File "C:\Users\Administrator\AppData\Local\Programs\Python\Python312\Lib\site-packages\fastapi\routing.py", line 354, in run_endpoint_function
    |     return await run_in_threadpool(dependant.call, **values)
    |            ^^^^^^^^^^^^^^^^^^^^^^^^^^^^^^^^^^^^^^^^^^^^^^^^^
    |   File "C:\Users\Administrator\AppData\Local\Programs\Python\Python312\Lib\site-packages\starlette\concurrency.py", line 34, in run_in_threadpool
    |     return await anyio.to_thread.run_sync(func)
    |            ^^^^^^^^^^^^^^^^^^^^^^^^^^^^^^^^^^^^
    |   File "C:\Users\Administrator\AppData\Local\Programs\Python\Python312\Lib\site-packages\anyio\to_thread.py", line 65, in run_sync
    |     return await get_async_backend().run_sync_in_worker_thread(
    |            ^^^^^^^^^^^^^^^^^^^^^^^^^^^^^^^^^^^^^^^^^^^^^^^^^^^^
    |   File "C:\Users\Administrator\AppData\Local\Programs\Python\Python312\Lib\site-packages\anyio\_backends\_asyncio.py", line 2641, in run_sync_in_worker_thread
    |     return await future
    |            ^^^^^^^^^^^^
    |   File "C:\Users\Administrator\AppData\Local\Programs\Python\Python312\Lib\site-packages\anyio\_backends\_asyncio.py", line 1033, in run
    |     result = context.run(func, *args)
    |              ^^^^^^^^^^^^^^^^^^^^^^^^
    |   File "E:\Soft\倪海夏三套学习系统\finalhopes-Learning-System\web_app\server.py", line 1412, in serve_img
    |     row = db.execute("SELECT data, mime FROM images WHERE name=?", (key,)).fetchone()
    |           ^^^^^^^^^^^^^^^^^^^^^^^^^^^^^^^^^^^^^^^^^^^^^^^^^^^^^^^^^^^^^^^^
    | sqlite3.InterfaceError: bad parameter or other API misuse
    +------------------------------------

The above exception was the direct cause of the following exception:

Traceback (most recent call last):
  File "C:\Users\Administrator\AppData\Local\Programs\Python\Python312\Lib\site-packages\uvicorn\protocols\http\h11_impl.py", line 411, in run_asgi
    result = await app(  # type: ignore[func-returns-value]
             ^^^^^^^^^^^^^^^^^^^^^^^^^^^^^^^^^^^^^^^^^^^^^^
  File "C:\Users\Administrator\AppData\Local\Programs\Python\Python312\Lib\site-packages\uvicorn\middleware\proxy_headers.py", line 63, in __call__
    return await self.app(scope, receive, send)
           ^^^^^^^^^^^^^^^^^^^^^^^^^^^^^^^^^^^^
  File "C:\Users\Administrator\AppData\Local\Programs\Python\Python312\Lib\site-packages\fastapi\applications.py", line 1163, in __call__
    await super().__call__(scope, receive, send)
  File "C:\Users\Administrator\AppData\Local\Programs\Python\Python312\Lib\site-packages\starlette\applications.py", line 96, in __call__
    await self.middleware_stack(scope, receive, send)
  File "C:\Users\Administrator\AppData\Local\Programs\Python\Python312\Lib\site-packages\starlette\middleware\errors.py", line 186, in __call__
    raise exc
  File "C:\Users\Administrator\AppData\Local\Programs\Python\Python312\Lib\site-packages\starlette\middleware\errors.py", line 164, in __call__
    await self.app(scope, receive, _send)
  File "C:\Users\Administrator\AppData\Local\Programs\Python\Python312\Lib\site-packages\starlette\middleware\base.py", line 193, in __call__
    response = await self.dispatch_func(request, call_next)
               ^^^^^^^^^^^^^^^^^^^^^^^^^^^^^^^^^^^^^^^^^^^^
  File "E:\Soft\倪海夏三套学习系统\finalhopes-Learning-System\web_app\server.py", line 1556, in _ensure_data_middleware
    return await call_next(request)
           ^^^^^^^^^^^^^^^^^^^^^^^^
  File "C:\Users\Administrator\AppData\Local\Programs\Python\Python312\Lib\site-packages\starlette\middleware\base.py", line 168, in call_next
    raise app_exc from app_exc.__cause__ or app_exc.__context__
  File "C:\Users\Administrator\AppData\Local\Programs\Python\Python312\Lib\site-packages\starlette\middleware\base.py", line 144, in coro
    await self.app(scope, receive_or_disconnect, send_no_error)
  File "C:\Users\Administrator\AppData\Local\Programs\Python\Python312\Lib\site-packages\starlette\middleware\base.py", line 193, in __call__
    response = await self.dispatch_func(request, call_next)
               ^^^^^^^^^^^^^^^^^^^^^^^^^^^^^^^^^^^^^^^^^^^^
  File "E:\Soft\倪海夏三套学习系统\finalhopes-Learning-System\web_app\server.py", line 1537, in _security_middleware
    return await call_next(request)
           ^^^^^^^^^^^^^^^^^^^^^^^^
  File "C:\Users\Administrator\AppData\Local\Programs\Python\Python312\Lib\site-packages\starlette\middleware\base.py", line 168, in call_next
    raise app_exc from app_exc.__cause__ or app_exc.__context__
  File "C:\Users\Administrator\AppData\Local\Programs\Python\Python312\Lib\site-packages\starlette\middleware\base.py", line 144, in coro
    await self.app(scope, receive_or_disconnect, send_no_error)
  File "C:\Users\Administrator\AppData\Local\Programs\Python\Python312\Lib\site-packages\starlette\middleware\exceptions.py", line 63, in __call__
    await wrap_app_handling_exceptions(self.app, conn)(scope, receive, send)
  File "C:\Users\Administrator\AppData\Local\Programs\Python\Python312\Lib\site-packages\starlette\_exception_handler.py", line 53, in wrapped_app
    raise exc
  File "C:\Users\Administrator\AppData\Local\Programs\Python\Python312\Lib\site-packages\starlette\_exception_handler.py", line 42, in wrapped_app
    await app(scope, receive, sender)
  File "C:\Users\Administrator\AppData\Local\Programs\Python\Python312\Lib\site-packages\fastapi\middleware\asyncexitstack.py", line 18, in __call__
    await self.app(scope, receive, send)
  File "C:\Users\Administrator\AppData\Local\Programs\Python\Python312\Lib\site-packages\starlette\routing.py", line 670, in __call__
    await self.middleware_stack(scope, receive, send)
  File "C:\Users\Administrator\AppData\Local\Programs\Python\Python312\Lib\site-packages\fastapi\routing.py", line 2734, in app
    await route.handle(scope, receive, send)
  File "C:\Users\Administrator\AppData\Local\Programs\Python\Python312\Lib\site-packages\fastapi\routing.py", line 1281, in handle
    await super().handle(scope, receive, send)
  File "C:\Users\Administrator\AppData\Local\Programs\Python\Python312\Lib\site-packages\starlette\routing.py", line 280, in handle
    await self.app(scope, receive, send)
  File "C:\Users\Administrator\AppData\Local\Programs\Python\Python312\Lib\site-packages\fastapi\routing.py", line 158, in app
    await wrap_app_handling_exceptions(app, request)(scope, receive, send)
  File "C:\Users\Administrator\AppData\Local\Programs\Python\Python312\Lib\site-packages\starlette\_exception_handler.py", line 53, in wrapped_app
    raise exc
  File "C:\Users\Administrator\AppData\Local\Programs\Python\Python312\Lib\site-packages\starlette\_exception_handler.py", line 42, in wrapped_app
    await app(scope, receive, sender)
  File "C:\Users\Administrator\AppData\Local\Programs\Python\Python312\Lib\site-packages\fastapi\routing.py", line 144, in app
    response = await f(request)
               ^^^^^^^^^^^^^^^^
  File "C:\Users\Administrator\AppData\Local\Programs\Python\Python312\Lib\site-packages\fastapi\routing.py", line 706, in app
    raw_response = await run_endpoint_function(
                   ^^^^^^^^^^^^^^^^^^^^^^^^^^^^
  File "C:\Users\Administrator\AppData\Local\Programs\Python\Python312\Lib\site-packages\fastapi\routing.py", line 354, in run_endpoint_function
    return await run_in_threadpool(dependant.call, **values)
           ^^^^^^^^^^^^^^^^^^^^^^^^^^^^^^^^^^^^^^^^^^^^^^^^^
  File "C:\Users\Administrator\AppData\Local\Programs\Python\Python312\Lib\site-packages\starlette\concurrency.py", line 34, in run_in_threadpool
    return await anyio.to_thread.run_sync(func)
           ^^^^^^^^^^^^^^^^^^^^^^^^^^^^^^^^^^^^
  File "C:\Users\Administrator\AppData\Local\Programs\Python\Python312\Lib\site-packages\anyio\to_thread.py", line 65, in run_sync
    return await get_async_backend().run_sync_in_worker_thread(
           ^^^^^^^^^^^^^^^^^^^^^^^^^^^^^^^^^^^^^^^^^^^^^^^^^^^^
  File "C:\Users\Administrator\AppData\Local\Programs\Python\Python312\Lib\site-packages\anyio\_backends\_asyncio.py", line 2641, in run_sync_in_worker_thread
    return await future
           ^^^^^^^^^^^^
  File "C:\Users\Administrator\AppData\Local\Programs\Python\Python312\Lib\site-packages\anyio\_backends\_asyncio.py", line 1033, in run
    result = context.run(func, *args)
             ^^^^^^^^^^^^^^^^^^^^^^^^
  File "E:\Soft\倪海夏三套学习系统\finalhopes-Learning-System\web_app\server.py", line 1412, in serve_img
    row = db.execute("SELECT data, mime FROM images WHERE name=?", (key,)).fetchone()
          ^^^^^^^^^^^^^^^^^^^^^^^^^^^^^^^^^^^^^^^^^^^^^^^^^^^^^^^^^^^^^^^^
sqlite3.InterfaceError: bad parameter or other API misuse
ERROR:    Exception in ASGI application
  + Exception Group Traceback (most recent call last):
  |   File "C:\Users\Administrator\AppData\Local\Programs\Python\Python312\Lib\site-packages\starlette\_utils.py", line 85, in create_collapsing_task_group
  |     async with anyio.create_task_group() as tg:
  |   File "C:\Users\Administrator\AppData\Local\Programs\Python\Python312\Lib\site-packages\anyio\_backends\_asyncio.py", line 815, in __aexit__
  |     raise BaseExceptionGroup(
  | ExceptionGroup: unhandled errors in a TaskGroup (1 sub-exception)
  +-+---------------- 1 ----------------
    | Traceback (most recent call last):
    |   File "C:\Users\Administrator\AppData\Local\Programs\Python\Python312\Lib\site-packages\uvicorn\protocols\http\h11_impl.py", line 411, in run_asgi
    |     result = await app(  # type: ignore[func-returns-value]
    |              ^^^^^^^^^^^^^^^^^^^^^^^^^^^^^^^^^^^^^^^^^^^^^^
    |   File "C:\Users\Administrator\AppData\Local\Programs\Python\Python312\Lib\site-packages\uvicorn\middleware\proxy_headers.py", line 63, in __call__
    |     return await self.app(scope, receive, send)
    |            ^^^^^^^^^^^^^^^^^^^^^^^^^^^^^^^^^^^^
    |   File "C:\Users\Administrator\AppData\Local\Programs\Python\Python312\Lib\site-packages\fastapi\applications.py", line 1163, in __call__
    |     await super().__call__(scope, receive, send)
    |   File "C:\Users\Administrator\AppData\Local\Programs\Python\Python312\Lib\site-packages\starlette\applications.py", line 96, in __call__
    |     await self.middleware_stack(scope, receive, send)
    |   File "C:\Users\Administrator\AppData\Local\Programs\Python\Python312\Lib\site-packages\starlette\middleware\errors.py", line 186, in __call__
    |     raise exc
    |   File "C:\Users\Administrator\AppData\Local\Programs\Python\Python312\Lib\site-packages\starlette\middleware\errors.py", line 164, in __call__
    |     await self.app(scope, receive, _send)
    |   File "C:\Users\Administrator\AppData\Local\Programs\Python\Python312\Lib\site-packages\starlette\middleware\base.py", line 193, in __call__
    |     response = await self.dispatch_func(request, call_next)
    |                ^^^^^^^^^^^^^^^^^^^^^^^^^^^^^^^^^^^^^^^^^^^^
    |   File "E:\Soft\倪海夏三套学习系统\finalhopes-Learning-System\web_app\server.py", line 1556, in _ensure_data_middleware
    |     return await call_next(request)
    |            ^^^^^^^^^^^^^^^^^^^^^^^^
    |   File "C:\Users\Administrator\AppData\Local\Programs\Python\Python312\Lib\site-packages\starlette\middleware\base.py", line 168, in call_next
    |     raise app_exc from app_exc.__cause__ or app_exc.__context__
    |   File "C:\Users\Administrator\AppData\Local\Programs\Python\Python312\Lib\site-packages\starlette\middleware\base.py", line 144, in coro
    |     await self.app(scope, receive_or_disconnect, send_no_error)
    |   File "C:\Users\Administrator\AppData\Local\Programs\Python\Python312\Lib\site-packages\starlette\middleware\base.py", line 193, in __call__
    |     response = await self.dispatch_func(request, call_next)
    |                ^^^^^^^^^^^^^^^^^^^^^^^^^^^^^^^^^^^^^^^^^^^^
    |   File "E:\Soft\倪海夏三套学习系统\finalhopes-Learning-System\web_app\server.py", line 1537, in _security_middleware
    |     return await call_next(request)
    |            ^^^^^^^^^^^^^^^^^^^^^^^^
    |   File "C:\Users\Administrator\AppData\Local\Programs\Python\Python312\Lib\site-packages\starlette\middleware\base.py", line 168, in call_next
    |     raise app_exc from app_exc.__cause__ or app_exc.__context__
    |   File "C:\Users\Administrator\AppData\Local\Programs\Python\Python312\Lib\site-packages\starlette\middleware\base.py", line 144, in coro
    |     await self.app(scope, receive_or_disconnect, send_no_error)
    |   File "C:\Users\Administrator\AppData\Local\Programs\Python\Python312\Lib\site-packages\starlette\middleware\exceptions.py", line 63, in __call__
    |     await wrap_app_handling_exceptions(self.app, conn)(scope, receive, send)
    |   File "C:\Users\Administrator\AppData\Local\Programs\Python\Python312\Lib\site-packages\starlette\_exception_handler.py", line 53, in wrapped_app
    |     raise exc
    |   File "C:\Users\Administrator\AppData\Local\Programs\Python\Python312\Lib\site-packages\starlette\_exception_handler.py", line 42, in wrapped_app
    |     await app(scope, receive, sender)
    |   File "C:\Users\Administrator\AppData\Local\Programs\Python\Python312\Lib\site-packages\fastapi\middleware\asyncexitstack.py", line 18, in __call__
    |     await self.app(scope, receive, send)
    |   File "C:\Users\Administrator\AppData\Local\Programs\Python\Python312\Lib\site-packages\starlette\routing.py", line 670, in __call__
    |     await self.middleware_stack(scope, receive, send)
    |   File "C:\Users\Administrator\AppData\Local\Programs\Python\Python312\Lib\site-packages\fastapi\routing.py", line 2734, in app
    |     await route.handle(scope, receive, send)
    |   File "C:\Users\Administrator\AppData\Local\Programs\Python\Python312\Lib\site-packages\fastapi\routing.py", line 1281, in handle
    |     await super().handle(scope, receive, send)
    |   File "C:\Users\Administrator\AppData\Local\Programs\Python\Python312\Lib\site-packages\starlette\routing.py", line 280, in handle
    |     await self.app(scope, receive, send)
    |   File "C:\Users\Administrator\AppData\Local\Programs\Python\Python312\Lib\site-packages\fastapi\routing.py", line 158, in app
    |     await wrap_app_handling_exceptions(app, request)(scope, receive, send)
    |   File "C:\Users\Administrator\AppData\Local\Programs\Python\Python312\Lib\site-packages\starlette\_exception_handler.py", line 53, in wrapped_app
    |     raise exc
    |   File "C:\Users\Administrator\AppData\Local\Programs\Python\Python312\Lib\site-packages\starlette\_exception_handler.py", line 42, in wrapped_app
    |     await app(scope, receive, sender)
    |   File "C:\Users\Administrator\AppData\Local\Programs\Python\Python312\Lib\site-packages\fastapi\routing.py", line 144, in app
    |     response = await f(request)
    |                ^^^^^^^^^^^^^^^^
    |   File "C:\Users\Administrator\AppData\Local\Programs\Python\Python312\Lib\site-packages\fastapi\routing.py", line 706, in app
    |     raw_response = await run_endpoint_function(
    |                    ^^^^^^^^^^^^^^^^^^^^^^^^^^^^
    |   File "C:\Users\Administrator\AppData\Local\Programs\Python\Python312\Lib\site-packages\fastapi\routing.py", line 354, in run_endpoint_function
    |     return await run_in_threadpool(dependant.call, **values)
    |            ^^^^^^^^^^^^^^^^^^^^^^^^^^^^^^^^^^^^^^^^^^^^^^^^^
    |   File "C:\Users\Administrator\AppData\Local\Programs\Python\Python312\Lib\site-packages\starlette\concurrency.py", line 34, in run_in_threadpool
    |     return await anyio.to_thread.run_sync(func)
    |            ^^^^^^^^^^^^^^^^^^^^^^^^^^^^^^^^^^^^
    |   File "C:\Users\Administrator\AppData\Local\Programs\Python\Python312\Lib\site-packages\anyio\to_thread.py", line 65, in run_sync
    |     return await get_async_backend().run_sync_in_worker_thread(
    |            ^^^^^^^^^^^^^^^^^^^^^^^^^^^^^^^^^^^^^^^^^^^^^^^^^^^^
    |   File "C:\Users\Administrator\AppData\Local\Programs\Python\Python312\Lib\site-packages\anyio\_backends\_asyncio.py", line 2641, in run_sync_in_worker_thread
    |     return await future
    |            ^^^^^^^^^^^^
    |   File "C:\Users\Administrator\AppData\Local\Programs\Python\Python312\Lib\site-packages\anyio\_backends\_asyncio.py", line 1033, in run
    |     result = context.run(func, *args)
    |              ^^^^^^^^^^^^^^^^^^^^^^^^
    |   File "E:\Soft\倪海夏三套学习系统\finalhopes-Learning-System\web_app\server.py", line 1412, in serve_img
    |     row = db.execute("SELECT data, mime FROM images WHERE name=?", (key,)).fetchone()
    |           ^^^^^^^^^^^^^^^^^^^^^^^^^^^^^^^^^^^^^^^^^^^^^^^^^^^^^^^^^^^^^^^^
    | sqlite3.InterfaceError: bad parameter or other API misuse
    +------------------------------------

The above exception was the direct cause of the following exception:

Traceback (most recent call last):
  File "C:\Users\Administrator\AppData\Local\Programs\Python\Python312\Lib\site-packages\uvicorn\protocols\http\h11_impl.py", line 411, in run_asgi
    result = await app(  # type: ignore[func-returns-value]
             ^^^^^^^^^^^^^^^^^^^^^^^^^^^^^^^^^^^^^^^^^^^^^^
  File "C:\Users\Administrator\AppData\Local\Programs\Python\Python312\Lib\site-packages\uvicorn\middleware\proxy_headers.py", line 63, in __call__
    return await self.app(scope, receive, send)
           ^^^^^^^^^^^^^^^^^^^^^^^^^^^^^^^^^^^^
  File "C:\Users\Administrator\AppData\Local\Programs\Python\Python312\Lib\site-packages\fastapi\applications.py", line 1163, in __call__
    await super().__call__(scope, receive, send)
  File "C:\Users\Administrator\AppData\Local\Programs\Python\Python312\Lib\site-packages\starlette\applications.py", line 96, in __call__
    await self.middleware_stack(scope, receive, send)
  File "C:\Users\Administrator\AppData\Local\Programs\Python\Python312\Lib\site-packages\starlette\middleware\errors.py", line 186, in __call__
    raise exc
  File "C:\Users\Administrator\AppData\Local\Programs\Python\Python312\Lib\site-packages\starlette\middleware\errors.py", line 164, in __call__
    await self.app(scope, receive, _send)
  File "C:\Users\Administrator\AppData\Local\Programs\Python\Python312\Lib\site-packages\starlette\middleware\base.py", line 193, in __call__
    response = await self.dispatch_func(request, call_next)
               ^^^^^^^^^^^^^^^^^^^^^^^^^^^^^^^^^^^^^^^^^^^^
  File "E:\Soft\倪海夏三套学习系统\finalhopes-Learning-System\web_app\server.py", line 1556, in _ensure_data_middleware
    return await call_next(request)
           ^^^^^^^^^^^^^^^^^^^^^^^^
  File "C:\Users\Administrator\AppData\Local\Programs\Python\Python312\Lib\site-packages\starlette\middleware\base.py", line 168, in call_next
    raise app_exc from app_exc.__cause__ or app_exc.__context__
  File "C:\Users\Administrator\AppData\Local\Programs\Python\Python312\Lib\site-packages\starlette\middleware\base.py", line 144, in coro
    await self.app(scope, receive_or_disconnect, send_no_error)
  File "C:\Users\Administrator\AppData\Local\Programs\Python\Python312\Lib\site-packages\starlette\middleware\base.py", line 193, in __call__
    response = await self.dispatch_func(request, call_next)
               ^^^^^^^^^^^^^^^^^^^^^^^^^^^^^^^^^^^^^^^^^^^^
  File "E:\Soft\倪海夏三套学习系统\finalhopes-Learning-System\web_app\server.py", line 1537, in _security_middleware
    return await call_next(request)
           ^^^^^^^^^^^^^^^^^^^^^^^^
  File "C:\Users\Administrator\AppData\Local\Programs\Python\Python312\Lib\site-packages\starlette\middleware\base.py", line 168, in call_next
    raise app_exc from app_exc.__cause__ or app_exc.__context__
  File "C:\Users\Administrator\AppData\Local\Programs\Python\Python312\Lib\site-packages\starlette\middleware\base.py", line 144, in coro
    await self.app(scope, receive_or_disconnect, send_no_error)
  File "C:\Users\Administrator\AppData\Local\Programs\Python\Python312\Lib\site-packages\starlette\middleware\exceptions.py", line 63, in __call__
    await wrap_app_handling_exceptions(self.app, conn)(scope, receive, send)
  File "C:\Users\Administrator\AppData\Local\Programs\Python\Python312\Lib\site-packages\starlette\_exception_handler.py", line 53, in wrapped_app
    raise exc
  File "C:\Users\Administrator\AppData\Local\Programs\Python\Python312\Lib\site-packages\starlette\_exception_handler.py", line 42, in wrapped_app
    await app(scope, receive, sender)
  File "C:\Users\Administrator\AppData\Local\Programs\Python\Python312\Lib\site-packages\fastapi\middleware\asyncexitstack.py", line 18, in __call__
    await self.app(scope, receive, send)
  File "C:\Users\Administrator\AppData\Local\Programs\Python\Python312\Lib\site-packages\starlette\routing.py", line 670, in __call__
    await self.middleware_stack(scope, receive, send)
  File "C:\Users\Administrator\AppData\Local\Programs\Python\Python312\Lib\site-packages\fastapi\routing.py", line 2734, in app
    await route.handle(scope, receive, send)
  File "C:\Users\Administrator\AppData\Local\Programs\Python\Python312\Lib\site-packages\fastapi\routing.py", line 1281, in handle
    await super().handle(scope, receive, send)
  File "C:\Users\Administrator\AppData\Local\Programs\Python\Python312\Lib\site-packages\starlette\routing.py", line 280, in handle
    await self.app(scope, receive, send)
  File "C:\Users\Administrator\AppData\Local\Programs\Python\Python312\Lib\site-packages\fastapi\routing.py", line 158, in app
    await wrap_app_handling_exceptions(app, request)(scope, receive, send)
  File "C:\Users\Administrator\AppData\Local\Programs\Python\Python312\Lib\site-packages\starlette\_exception_handler.py", line 53, in wrapped_app
    raise exc
  File "C:\Users\Administrator\AppData\Local\Programs\Python\Python312\Lib\site-packages\starlette\_exception_handler.py", line 42, in wrapped_app
    await app(scope, receive, sender)
  File "C:\Users\Administrator\AppData\Local\Programs\Python\Python312\Lib\site-packages\fastapi\routing.py", line 144, in app
    response = await f(request)
               ^^^^^^^^^^^^^^^^
  File "C:\Users\Administrator\AppData\Local\Programs\Python\Python312\Lib\site-packages\fastapi\routing.py", line 706, in app
    raw_response = await run_endpoint_function(
                   ^^^^^^^^^^^^^^^^^^^^^^^^^^^^
  File "C:\Users\Administrator\AppData\Local\Programs\Python\Python312\Lib\site-packages\fastapi\routing.py", line 354, in run_endpoint_function
    return await run_in_threadpool(dependant.call, **values)
           ^^^^^^^^^^^^^^^^^^^^^^^^^^^^^^^^^^^^^^^^^^^^^^^^^
  File "C:\Users\Administrator\AppData\Local\Programs\Python\Python312\Lib\site-packages\starlette\concurrency.py", line 34, in run_in_threadpool
    return await anyio.to_thread.run_sync(func)
           ^^^^^^^^^^^^^^^^^^^^^^^^^^^^^^^^^^^^
  File "C:\Users\Administrator\AppData\Local\Programs\Python\Python312\Lib\site-packages\anyio\to_thread.py", line 65, in run_sync
    return await get_async_backend().run_sync_in_worker_thread(
           ^^^^^^^^^^^^^^^^^^^^^^^^^^^^^^^^^^^^^^^^^^^^^^^^^^^^
  File "C:\Users\Administrator\AppData\Local\Programs\Python\Python312\Lib\site-packages\anyio\_backends\_asyncio.py", line 2641, in run_sync_in_worker_thread
    return await future
           ^^^^^^^^^^^^
  File "C:\Users\Administrator\AppData\Local\Programs\Python\Python312\Lib\site-packages\anyio\_backends\_asyncio.py", line 1033, in run
    result = context.run(func, *args)
             ^^^^^^^^^^^^^^^^^^^^^^^^
  File "E:\Soft\倪海夏三套学习系统\finalhopes-Learning-System\web_app\server.py", line 1412, in serve_img
    row = db.execute("SELECT data, mime FROM images WHERE name=?", (key,)).fetchone()
          ^^^^^^^^^^^^^^^^^^^^^^^^^^^^^^^^^^^^^^^^^^^^^^^^^^^^^^^^^^^^^^^^
sqlite3.InterfaceError: bad parameter or other API misuse
ERROR:    Exception in ASGI application
  + Exception Group Traceback (most recent call last):
  |   File "C:\Users\Administrator\AppData\Local\Programs\Python\Python312\Lib\site-packages\starlette\_utils.py", line 85, in create_collapsing_task_group
  |     async with anyio.create_task_group() as tg:
  |   File "C:\Users\Administrator\AppData\Local\Programs\Python\Python312\Lib\site-packages\anyio\_backends\_asyncio.py", line 815, in __aexit__
  |     raise BaseExceptionGroup(
  | ExceptionGroup: unhandled errors in a TaskGroup (1 sub-exception)
  +-+---------------- 1 ----------------
    | Traceback (most recent call last):
    |   File "C:\Users\Administrator\AppData\Local\Programs\Python\Python312\Lib\site-packages\uvicorn\protocols\http\h11_impl.py", line 411, in run_asgi
    |     result = await app(  # type: ignore[func-returns-value]
    |              ^^^^^^^^^^^^^^^^^^^^^^^^^^^^^^^^^^^^^^^^^^^^^^
    |   File "C:\Users\Administrator\AppData\Local\Programs\Python\Python312\Lib\site-packages\uvicorn\middleware\proxy_headers.py", line 63, in __call__
    |     return await self.app(scope, receive, send)
    |            ^^^^^^^^^^^^^^^^^^^^^^^^^^^^^^^^^^^^
    |   File "C:\Users\Administrator\AppData\Local\Programs\Python\Python312\Lib\site-packages\fastapi\applications.py", line 1163, in __call__
    |     await super().__call__(scope, receive, send)
    |   File "C:\Users\Administrator\AppData\Local\Programs\Python\Python312\Lib\site-packages\starlette\applications.py", line 96, in __call__
    |     await self.middleware_stack(scope, receive, send)
    |   File "C:\Users\Administrator\AppData\Local\Programs\Python\Python312\Lib\site-packages\starlette\middleware\errors.py", line 186, in __call__
    |     raise exc
    |   File "C:\Users\Administrator\AppData\Local\Programs\Python\Python312\Lib\site-packages\starlette\middleware\errors.py", line 164, in __call__
    |     await self.app(scope, receive, _send)
    |   File "C:\Users\Administrator\AppData\Local\Programs\Python\Python312\Lib\site-packages\starlette\middleware\base.py", line 193, in __call__
    |     response = await self.dispatch_func(request, call_next)
    |                ^^^^^^^^^^^^^^^^^^^^^^^^^^^^^^^^^^^^^^^^^^^^
    |   File "E:\Soft\倪海夏三套学习系统\finalhopes-Learning-System\web_app\server.py", line 1556, in _ensure_data_middleware
    |     return await call_next(request)
    |            ^^^^^^^^^^^^^^^^^^^^^^^^
    |   File "C:\Users\Administrator\AppData\Local\Programs\Python\Python312\Lib\site-packages\starlette\middleware\base.py", line 168, in call_next
    |     raise app_exc from app_exc.__cause__ or app_exc.__context__
    |   File "C:\Users\Administrator\AppData\Local\Programs\Python\Python312\Lib\site-packages\starlette\middleware\base.py", line 144, in coro
    |     await self.app(scope, receive_or_disconnect, send_no_error)
    |   File "C:\Users\Administrator\AppData\Local\Programs\Python\Python312\Lib\site-packages\starlette\middleware\base.py", line 193, in __call__
    |     response = await self.dispatch_func(request, call_next)
    |                ^^^^^^^^^^^^^^^^^^^^^^^^^^^^^^^^^^^^^^^^^^^^
    |   File "E:\Soft\倪海夏三套学习系统\finalhopes-Learning-System\web_app\server.py", line 1537, in _security_middleware
    |     return await call_next(request)
    |            ^^^^^^^^^^^^^^^^^^^^^^^^
    |   File "C:\Users\Administrator\AppData\Local\Programs\Python\Python312\Lib\site-packages\starlette\middleware\base.py", line 168, in call_next
    |     raise app_exc from app_exc.__cause__ or app_exc.__context__
    |   File "C:\Users\Administrator\AppData\Local\Programs\Python\Python312\Lib\site-packages\starlette\middleware\base.py", line 144, in coro
    |     await self.app(scope, receive_or_disconnect, send_no_error)
    |   File "C:\Users\Administrator\AppData\Local\Programs\Python\Python312\Lib\site-packages\starlette\middleware\exceptions.py", line 63, in __call__
    |     await wrap_app_handling_exceptions(self.app, conn)(scope, receive, send)
    |   File "C:\Users\Administrator\AppData\Local\Programs\Python\Python312\Lib\site-packages\starlette\_exception_handler.py", line 53, in wrapped_app
    |     raise exc
    |   File "C:\Users\Administrator\AppData\Local\Programs\Python\Python312\Lib\site-packages\starlette\_exception_handler.py", line 42, in wrapped_app
    |     await app(scope, receive, sender)
    |   File "C:\Users\Administrator\AppData\Local\Programs\Python\Python312\Lib\site-packages\fastapi\middleware\asyncexitstack.py", line 18, in __call__
    |     await self.app(scope, receive, send)
    |   File "C:\Users\Administrator\AppData\Local\Programs\Python\Python312\Lib\site-packages\starlette\routing.py", line 670, in __call__
    |     await self.middleware_stack(scope, receive, send)
    |   File "C:\Users\Administrator\AppData\Local\Programs\Python\Python312\Lib\site-packages\fastapi\routing.py", line 2734, in app
    |     await route.handle(scope, receive, send)
    |   File "C:\Users\Administrator\AppData\Local\Programs\Python\Python312\Lib\site-packages\fastapi\routing.py", line 1281, in handle
    |     await super().handle(scope, receive, send)
    |   File "C:\Users\Administrator\AppData\Local\Programs\Python\Python312\Lib\site-packages\starlette\routing.py", line 280, in handle
    |     await self.app(scope, receive, send)
    |   File "C:\Users\Administrator\AppData\Local\Programs\Python\Python312\Lib\site-packages\fastapi\routing.py", line 158, in app
    |     await wrap_app_handling_exceptions(app, request)(scope, receive, send)
    |   File "C:\Users\Administrator\AppData\Local\Programs\Python\Python312\Lib\site-packages\starlette\_exception_handler.py", line 53, in wrapped_app
    |     raise exc
    |   File "C:\Users\Administrator\AppData\Local\Programs\Python\Python312\Lib\site-packages\starlette\_exception_handler.py", line 42, in wrapped_app
    |     await app(scope, receive, sender)
    |   File "C:\Users\Administrator\AppData\Local\Programs\Python\Python312\Lib\site-packages\fastapi\routing.py", line 144, in app
    |     response = await f(request)
    |                ^^^^^^^^^^^^^^^^
    |   File "C:\Users\Administrator\AppData\Local\Programs\Python\Python312\Lib\site-packages\fastapi\routing.py", line 706, in app
    |     raw_response = await run_endpoint_function(
    |                    ^^^^^^^^^^^^^^^^^^^^^^^^^^^^
    |   File "C:\Users\Administrator\AppData\Local\Programs\Python\Python312\Lib\site-packages\fastapi\routing.py", line 354, in run_endpoint_function
    |     return await run_in_threadpool(dependant.call, **values)
    |            ^^^^^^^^^^^^^^^^^^^^^^^^^^^^^^^^^^^^^^^^^^^^^^^^^
    |   File "C:\Users\Administrator\AppData\Local\Programs\Python\Python312\Lib\site-packages\starlette\concurrency.py", line 34, in run_in_threadpool
    |     return await anyio.to_thread.run_sync(func)
    |            ^^^^^^^^^^^^^^^^^^^^^^^^^^^^^^^^^^^^
    |   File "C:\Users\Administrator\AppData\Local\Programs\Python\Python312\Lib\site-packages\anyio\to_thread.py", line 65, in run_sync
    |     return await get_async_backend().run_sync_in_worker_thread(
    |            ^^^^^^^^^^^^^^^^^^^^^^^^^^^^^^^^^^^^^^^^^^^^^^^^^^^^
    |   File "C:\Users\Administrator\AppData\Local\Programs\Python\Python312\Lib\site-packages\anyio\_backends\_asyncio.py", line 2641, in run_sync_in_worker_thread
    |     return await future
    |            ^^^^^^^^^^^^
    |   File "C:\Users\Administrator\AppData\Local\Programs\Python\Python312\Lib\site-packages\anyio\_backends\_asyncio.py", line 1033, in run
    |     result = context.run(func, *args)
    |              ^^^^^^^^^^^^^^^^^^^^^^^^
    |   File "E:\Soft\倪海夏三套学习系统\finalhopes-Learning-System\web_app\server.py", line 1412, in serve_img
    |     row = db.execute("SELECT data, mime FROM images WHERE name=?", (key,)).fetchone()
    |           ^^^^^^^^^^^^^^^^^^^^^^^^^^^^^^^^^^^^^^^^^^^^^^^^^^^^^^^^^^^^^^^^
    | sqlite3.InterfaceError: bad parameter or other API misuse
    +------------------------------------

The above exception was the direct cause of the following exception:

Traceback (most recent call last):
  File "C:\Users\Administrator\AppData\Local\Programs\Python\Python312\Lib\site-packages\uvicorn\protocols\http\h11_impl.py", line 411, in run_asgi
    result = await app(  # type: ignore[func-returns-value]
             ^^^^^^^^^^^^^^^^^^^^^^^^^^^^^^^^^^^^^^^^^^^^^^
  File "C:\Users\Administrator\AppData\Local\Programs\Python\Python312\Lib\site-packages\uvicorn\middleware\proxy_headers.py", line 63, in __call__
    return await self.app(scope, receive, send)
           ^^^^^^^^^^^^^^^^^^^^^^^^^^^^^^^^^^^^
  File "C:\Users\Administrator\AppData\Local\Programs\Python\Python312\Lib\site-packages\fastapi\applications.py", line 1163, in __call__
    await super().__call__(scope, receive, send)
  File "C:\Users\Administrator\AppData\Local\Programs\Python\Python312\Lib\site-packages\starlette\applications.py", line 96, in __call__
    await self.middleware_stack(scope, receive, send)
  File "C:\Users\Administrator\AppData\Local\Programs\Python\Python312\Lib\site-packages\starlette\middleware\errors.py", line 186, in __call__
    raise exc
  File "C:\Users\Administrator\AppData\Local\Programs\Python\Python312\Lib\site-packages\starlette\middleware\errors.py", line 164, in __call__
    await self.app(scope, receive, _send)
  File "C:\Users\Administrator\AppData\Local\Programs\Python\Python312\Lib\site-packages\starlette\middleware\base.py", line 193, in __call__
    response = await self.dispatch_func(request, call_next)
               ^^^^^^^^^^^^^^^^^^^^^^^^^^^^^^^^^^^^^^^^^^^^
  File "E:\Soft\倪海夏三套学习系统\finalhopes-Learning-System\web_app\server.py", line 1556, in _ensure_data_middleware
    return await call_next(request)
           ^^^^^^^^^^^^^^^^^^^^^^^^
  File "C:\Users\Administrator\AppData\Local\Programs\Python\Python312\Lib\site-packages\starlette\middleware\base.py", line 168, in call_next
    raise app_exc from app_exc.__cause__ or app_exc.__context__
  File "C:\Users\Administrator\AppData\Local\Programs\Python\Python312\Lib\site-packages\starlette\middleware\base.py", line 144, in coro
    await self.app(scope, receive_or_disconnect, send_no_error)
  File "C:\Users\Administrator\AppData\Local\Programs\Python\Python312\Lib\site-packages\starlette\middleware\base.py", line 193, in __call__
    response = await self.dispatch_func(request, call_next)
               ^^^^^^^^^^^^^^^^^^^^^^^^^^^^^^^^^^^^^^^^^^^^
  File "E:\Soft\倪海夏三套学习系统\finalhopes-Learning-System\web_app\server.py", line 1537, in _security_middleware
    return await call_next(request)
           ^^^^^^^^^^^^^^^^^^^^^^^^
  File "C:\Users\Administrator\AppData\Local\Programs\Python\Python312\Lib\site-packages\starlette\middleware\base.py", line 168, in call_next
    raise app_exc from app_exc.__cause__ or app_exc.__context__
  File "C:\Users\Administrator\AppData\Local\Programs\Python\Python312\Lib\site-packages\starlette\middleware\base.py", line 144, in coro
    await self.app(scope, receive_or_disconnect, send_no_error)
  File "C:\Users\Administrator\AppData\Local\Programs\Python\Python312\Lib\site-packages\starlette\middleware\exceptions.py", line 63, in __call__
    await wrap_app_handling_exceptions(self.app, conn)(scope, receive, send)
  File "C:\Users\Administrator\AppData\Local\Programs\Python\Python312\Lib\site-packages\starlette\_exception_handler.py", line 53, in wrapped_app
    raise exc
  File "C:\Users\Administrator\AppData\Local\Programs\Python\Python312\Lib\site-packages\starlette\_exception_handler.py", line 42, in wrapped_app
    await app(scope, receive, sender)
  File "C:\Users\Administrator\AppData\Local\Programs\Python\Python312\Lib\site-packages\fastapi\middleware\asyncexitstack.py", line 18, in __call__
    await self.app(scope, receive, send)
  File "C:\Users\Administrator\AppData\Local\Programs\Python\Python312\Lib\site-packages\starlette\routing.py", line 670, in __call__
    await self.middleware_stack(scope, receive, send)
  File "C:\Users\Administrator\AppData\Local\Programs\Python\Python312\Lib\site-packages\fastapi\routing.py", line 2734, in app
    await route.handle(scope, receive, send)
  File "C:\Users\Administrator\AppData\Local\Programs\Python\Python312\Lib\site-packages\fastapi\routing.py", line 1281, in handle
    await super().handle(scope, receive, send)
  File "C:\Users\Administrator\AppData\Local\Programs\Python\Python312\Lib\site-packages\starlette\routing.py", line 280, in handle
    await self.app(scope, receive, send)
  File "C:\Users\Administrator\AppData\Local\Programs\Python\Python312\Lib\site-packages\fastapi\routing.py", line 158, in app
    await wrap_app_handling_exceptions(app, request)(scope, receive, send)
  File "C:\Users\Administrator\AppData\Local\Programs\Python\Python312\Lib\site-packages\starlette\_exception_handler.py", line 53, in wrapped_app
    raise exc
  File "C:\Users\Administrator\AppData\Local\Programs\Python\Python312\Lib\site-packages\starlette\_exception_handler.py", line 42, in wrapped_app
    await app(scope, receive, sender)
  File "C:\Users\Administrator\AppData\Local\Programs\Python\Python312\Lib\site-packages\fastapi\routing.py", line 144, in app
    response = await f(request)
               ^^^^^^^^^^^^^^^^
  File "C:\Users\Administrator\AppData\Local\Programs\Python\Python312\Lib\site-packages\fastapi\routing.py", line 706, in app
    raw_response = await run_endpoint_function(
                   ^^^^^^^^^^^^^^^^^^^^^^^^^^^^
  File "C:\Users\Administrator\AppData\Local\Programs\Python\Python312\Lib\site-packages\fastapi\routing.py", line 354, in run_endpoint_function
    return await run_in_threadpool(dependant.call, **values)
           ^^^^^^^^^^^^^^^^^^^^^^^^^^^^^^^^^^^^^^^^^^^^^^^^^
  File "C:\Users\Administrator\AppData\Local\Programs\Python\Python312\Lib\site-packages\starlette\concurrency.py", line 34, in run_in_threadpool
    return await anyio.to_thread.run_sync(func)
           ^^^^^^^^^^^^^^^^^^^^^^^^^^^^^^^^^^^^
  File "C:\Users\Administrator\AppData\Local\Programs\Python\Python312\Lib\site-packages\anyio\to_thread.py", line 65, in run_sync
    return await get_async_backend().run_sync_in_worker_thread(
           ^^^^^^^^^^^^^^^^^^^^^^^^^^^^^^^^^^^^^^^^^^^^^^^^^^^^
  File "C:\Users\Administrator\AppData\Local\Programs\Python\Python312\Lib\site-packages\anyio\_backends\_asyncio.py", line 2641, in run_sync_in_worker_thread
    return await future
           ^^^^^^^^^^^^
  File "C:\Users\Administrator\AppData\Local\Programs\Python\Python312\Lib\site-packages\anyio\_backends\_asyncio.py", line 1033, in run
    result = context.run(func, *args)
             ^^^^^^^^^^^^^^^^^^^^^^^^
  File "E:\Soft\倪海夏三套学习系统\finalhopes-Learning-System\web_app\server.py", line 1412, in serve_img
    row = db.execute("SELECT data, mime FROM images WHERE name=?", (key,)).fetchone()
          ^^^^^^^^^^^^^^^^^^^^^^^^^^^^^^^^^^^^^^^^^^^^^^^^^^^^^^^^^^^^^^^^
sqlite3.InterfaceError: bad parameter or other API misuse
ERROR:    Exception in ASGI application
  + Exception Group Traceback (most recent call last):
  |   File "C:\Users\Administrator\AppData\Local\Programs\Python\Python312\Lib\site-packages\starlette\_utils.py", line 85, in create_collapsing_task_group
  |     async with anyio.create_task_group() as tg:
  |   File "C:\Users\Administrator\AppData\Local\Programs\Python\Python312\Lib\site-packages\anyio\_backends\_asyncio.py", line 815, in __aexit__
  |     raise BaseExceptionGroup(
  | ExceptionGroup: unhandled errors in a TaskGroup (1 sub-exception)
  +-+---------------- 1 ----------------
    | Traceback (most recent call last):
    |   File "C:\Users\Administrator\AppData\Local\Programs\Python\Python312\Lib\site-packages\uvicorn\protocols\http\h11_impl.py", line 411, in run_asgi
    |     result = await app(  # type: ignore[func-returns-value]
    |              ^^^^^^^^^^^^^^^^^^^^^^^^^^^^^^^^^^^^^^^^^^^^^^
    |   File "C:\Users\Administrator\AppData\Local\Programs\Python\Python312\Lib\site-packages\uvicorn\middleware\proxy_headers.py", line 63, in __call__
    |     return await self.app(scope, receive, send)
    |            ^^^^^^^^^^^^^^^^^^^^^^^^^^^^^^^^^^^^
    |   File "C:\Users\Administrator\AppData\Local\Programs\Python\Python312\Lib\site-packages\fastapi\applications.py", line 1163, in __call__
    |     await super().__call__(scope, receive, send)
    |   File "C:\Users\Administrator\AppData\Local\Programs\Python\Python312\Lib\site-packages\starlette\applications.py", line 96, in __call__
    |     await self.middleware_stack(scope, receive, send)
    |   File "C:\Users\Administrator\AppData\Local\Programs\Python\Python312\Lib\site-packages\starlette\middleware\errors.py", line 186, in __call__
    |     raise exc
    |   File "C:\Users\Administrator\AppData\Local\Programs\Python\Python312\Lib\site-packages\starlette\middleware\errors.py", line 164, in __call__
    |     await self.app(scope, receive, _send)
    |   File "C:\Users\Administrator\AppData\Local\Programs\Python\Python312\Lib\site-packages\starlette\middleware\base.py", line 193, in __call__
    |     response = await self.dispatch_func(request, call_next)
    |                ^^^^^^^^^^^^^^^^^^^^^^^^^^^^^^^^^^^^^^^^^^^^
    |   File "E:\Soft\倪海夏三套学习系统\finalhopes-Learning-System\web_app\server.py", line 1556, in _ensure_data_middleware
    |     return await call_next(request)
    |            ^^^^^^^^^^^^^^^^^^^^^^^^
    |   File "C:\Users\Administrator\AppData\Local\Programs\Python\Python312\Lib\site-packages\starlette\middleware\base.py", line 168, in call_next
    |     raise app_exc from app_exc.__cause__ or app_exc.__context__
    |   File "C:\Users\Administrator\AppData\Local\Programs\Python\Python312\Lib\site-packages\starlette\middleware\base.py", line 144, in coro
    |     await self.app(scope, receive_or_disconnect, send_no_error)
    |   File "C:\Users\Administrator\AppData\Local\Programs\Python\Python312\Lib\site-packages\starlette\middleware\base.py", line 193, in __call__
    |     response = await self.dispatch_func(request, call_next)
    |                ^^^^^^^^^^^^^^^^^^^^^^^^^^^^^^^^^^^^^^^^^^^^
    |   File "E:\Soft\倪海夏三套学习系统\finalhopes-Learning-System\web_app\server.py", line 1537, in _security_middleware
    |     return await call_next(request)
    |            ^^^^^^^^^^^^^^^^^^^^^^^^
    |   File "C:\Users\Administrator\AppData\Local\Programs\Python\Python312\Lib\site-packages\starlette\middleware\base.py", line 168, in call_next
    |     raise app_exc from app_exc.__cause__ or app_exc.__context__
    |   File "C:\Users\Administrator\AppData\Local\Programs\Python\Python312\Lib\site-packages\starlette\middleware\base.py", line 144, in coro
    |     await self.app(scope, receive_or_disconnect, send_no_error)
    |   File "C:\Users\Administrator\AppData\Local\Programs\Python\Python312\Lib\site-packages\starlette\middleware\exceptions.py", line 63, in __call__
    |     await wrap_app_handling_exceptions(self.app, conn)(scope, receive, send)
    |   File "C:\Users\Administrator\AppData\Local\Programs\Python\Python312\Lib\site-packages\starlette\_exception_handler.py", line 53, in wrapped_app
    |     raise exc
    |   File "C:\Users\Administrator\AppData\Local\Programs\Python\Python312\Lib\site-packages\starlette\_exception_handler.py", line 42, in wrapped_app
    |     await app(scope, receive, sender)
    |   File "C:\Users\Administrator\AppData\Local\Programs\Python\Python312\Lib\site-packages\fastapi\middleware\asyncexitstack.py", line 18, in __call__
    |     await self.app(scope, receive, send)
    |   File "C:\Users\Administrator\AppData\Local\Programs\Python\Python312\Lib\site-packages\starlette\routing.py", line 670, in __call__
    |     await self.middleware_stack(scope, receive, send)
    |   File "C:\Users\Administrator\AppData\Local\Programs\Python\Python312\Lib\site-packages\fastapi\routing.py", line 2734, in app
    |     await route.handle(scope, receive, send)
    |   File "C:\Users\Administrator\AppData\Local\Programs\Python\Python312\Lib\site-packages\fastapi\routing.py", line 1281, in handle
    |     await super().handle(scope, receive, send)
    |   File "C:\Users\Administrator\AppData\Local\Programs\Python\Python312\Lib\site-packages\starlette\routing.py", line 280, in handle
    |     await self.app(scope, receive, send)
    |   File "C:\Users\Administrator\AppData\Local\Programs\Python\Python312\Lib\site-packages\fastapi\routing.py", line 158, in app
    |     await wrap_app_handling_exceptions(app, request)(scope, receive, send)
    |   File "C:\Users\Administrator\AppData\Local\Programs\Python\Python312\Lib\site-packages\starlette\_exception_handler.py", line 53, in wrapped_app
    |     raise exc
    |   File "C:\Users\Administrator\AppData\Local\Programs\Python\Python312\Lib\site-packages\starlette\_exception_handler.py", line 42, in wrapped_app
    |     await app(scope, receive, sender)
    |   File "C:\Users\Administrator\AppData\Local\Programs\Python\Python312\Lib\site-packages\fastapi\routing.py", line 144, in app
    |     response = await f(request)
    |                ^^^^^^^^^^^^^^^^
    |   File "C:\Users\Administrator\AppData\Local\Programs\Python\Python312\Lib\site-packages\fastapi\routing.py", line 706, in app
    |     raw_response = await run_endpoint_function(
    |                    ^^^^^^^^^^^^^^^^^^^^^^^^^^^^
    |   File "C:\Users\Administrator\AppData\Local\Programs\Python\Python312\Lib\site-packages\fastapi\routing.py", line 354, in run_endpoint_function
    |     return await run_in_threadpool(dependant.call, **values)
    |            ^^^^^^^^^^^^^^^^^^^^^^^^^^^^^^^^^^^^^^^^^^^^^^^^^
    |   File "C:\Users\Administrator\AppData\Local\Programs\Python\Python312\Lib\site-packages\starlette\concurrency.py", line 34, in run_in_threadpool
    |     return await anyio.to_thread.run_sync(func)
    |            ^^^^^^^^^^^^^^^^^^^^^^^^^^^^^^^^^^^^
    |   File "C:\Users\Administrator\AppData\Local\Programs\Python\Python312\Lib\site-packages\anyio\to_thread.py", line 65, in run_sync
    |     return await get_async_backend().run_sync_in_worker_thread(
    |            ^^^^^^^^^^^^^^^^^^^^^^^^^^^^^^^^^^^^^^^^^^^^^^^^^^^^
    |   File "C:\Users\Administrator\AppData\Local\Programs\Python\Python312\Lib\site-packages\anyio\_backends\_asyncio.py", line 2641, in run_sync_in_worker_thread
    |     return await future
    |            ^^^^^^^^^^^^
    |   File "C:\Users\Administrator\AppData\Local\Programs\Python\Python312\Lib\site-packages\anyio\_backends\_asyncio.py", line 1033, in run
    |     result = context.run(func, *args)
    |              ^^^^^^^^^^^^^^^^^^^^^^^^
    |   File "E:\Soft\倪海夏三套学习系统\finalhopes-Learning-System\web_app\server.py", line 1412, in serve_img
    |     row = db.execute("SELECT data, mime FROM images WHERE name=?", (key,)).fetchone()
    |           ^^^^^^^^^^^^^^^^^^^^^^^^^^^^^^^^^^^^^^^^^^^^^^^^^^^^^^^^^^^^^^^^
    | sqlite3.InterfaceError: bad parameter or other API misuse
    +------------------------------------

The above exception was the direct cause of the following exception:

Traceback (most recent call last):
  File "C:\Users\Administrator\AppData\Local\Programs\Python\Python312\Lib\site-packages\uvicorn\protocols\http\h11_impl.py", line 411, in run_asgi
    result = await app(  # type: ignore[func-returns-value]
             ^^^^^^^^^^^^^^^^^^^^^^^^^^^^^^^^^^^^^^^^^^^^^^
  File "C:\Users\Administrator\AppData\Local\Programs\Python\Python312\Lib\site-packages\uvicorn\middleware\proxy_headers.py", line 63, in __call__
    return await self.app(scope, receive, send)
           ^^^^^^^^^^^^^^^^^^^^^^^^^^^^^^^^^^^^
  File "C:\Users\Administrator\AppData\Local\Programs\Python\Python312\Lib\site-packages\fastapi\applications.py", line 1163, in __call__
    await super().__call__(scope, receive, send)
  File "C:\Users\Administrator\AppData\Local\Programs\Python\Python312\Lib\site-packages\starlette\applications.py", line 96, in __call__
    await self.middleware_stack(scope, receive, send)
  File "C:\Users\Administrator\AppData\Local\Programs\Python\Python312\Lib\site-packages\starlette\middleware\errors.py", line 186, in __call__
    raise exc
  File "C:\Users\Administrator\AppData\Local\Programs\Python\Python312\Lib\site-packages\starlette\middleware\errors.py", line 164, in __call__
    await self.app(scope, receive, _send)
  File "C:\Users\Administrator\AppData\Local\Programs\Python\Python312\Lib\site-packages\starlette\middleware\base.py", line 193, in __call__
    response = await self.dispatch_func(request, call_next)
               ^^^^^^^^^^^^^^^^^^^^^^^^^^^^^^^^^^^^^^^^^^^^
  File "E:\Soft\倪海夏三套学习系统\finalhopes-Learning-System\web_app\server.py", line 1556, in _ensure_data_middleware
    return await call_next(request)
           ^^^^^^^^^^^^^^^^^^^^^^^^
  File "C:\Users\Administrator\AppData\Local\Programs\Python\Python312\Lib\site-packages\starlette\middleware\base.py", line 168, in call_next
    raise app_exc from app_exc.__cause__ or app_exc.__context__
  File "C:\Users\Administrator\AppData\Local\Programs\Python\Python312\Lib\site-packages\starlette\middleware\base.py", line 144, in coro
    await self.app(scope, receive_or_disconnect, send_no_error)
  File "C:\Users\Administrator\AppData\Local\Programs\Python\Python312\Lib\site-packages\starlette\middleware\base.py", line 193, in __call__
    response = await self.dispatch_func(request, call_next)
               ^^^^^^^^^^^^^^^^^^^^^^^^^^^^^^^^^^^^^^^^^^^^
  File "E:\Soft\倪海夏三套学习系统\finalhopes-Learning-System\web_app\server.py", line 1537, in _security_middleware
    return await call_next(request)
           ^^^^^^^^^^^^^^^^^^^^^^^^
  File "C:\Users\Administrator\AppData\Local\Programs\Python\Python312\Lib\site-packages\starlette\middleware\base.py", line 168, in call_next
    raise app_exc from app_exc.__cause__ or app_exc.__context__
  File "C:\Users\Administrator\AppData\Local\Programs\Python\Python312\Lib\site-packages\starlette\middleware\base.py", line 144, in coro
    await self.app(scope, receive_or_disconnect, send_no_error)
  File "C:\Users\Administrator\AppData\Local\Programs\Python\Python312\Lib\site-packages\starlette\middleware\exceptions.py", line 63, in __call__
    await wrap_app_handling_exceptions(self.app, conn)(scope, receive, send)
  File "C:\Users\Administrator\AppData\Local\Programs\Python\Python312\Lib\site-packages\starlette\_exception_handler.py", line 53, in wrapped_app
    raise exc
  File "C:\Users\Administrator\AppData\Local\Programs\Python\Python312\Lib\site-packages\starlette\_exception_handler.py", line 42, in wrapped_app
    await app(scope, receive, sender)
  File "C:\Users\Administrator\AppData\Local\Programs\Python\Python312\Lib\site-packages\fastapi\middleware\asyncexitstack.py", line 18, in __call__
    await self.app(scope, receive, send)
  File "C:\Users\Administrator\AppData\Local\Programs\Python\Python312\Lib\site-packages\starlette\routing.py", line 670, in __call__
    await self.middleware_stack(scope, receive, send)
  File "C:\Users\Administrator\AppData\Local\Programs\Python\Python312\Lib\site-packages\fastapi\routing.py", line 2734, in app
    await route.handle(scope, receive, send)
  File "C:\Users\Administrator\AppData\Local\Programs\Python\Python312\Lib\site-packages\fastapi\routing.py", line 1281, in handle
    await super().handle(scope, receive, send)
  File "C:\Users\Administrator\AppData\Local\Programs\Python\Python312\Lib\site-packages\starlette\routing.py", line 280, in handle
    await self.app(scope, receive, send)
  File "C:\Users\Administrator\AppData\Local\Programs\Python\Python312\Lib\site-packages\fastapi\routing.py", line 158, in app
    await wrap_app_handling_exceptions(app, request)(scope, receive, send)
  File "C:\Users\Administrator\AppData\Local\Programs\Python\Python312\Lib\site-packages\starlette\_exception_handler.py", line 53, in wrapped_app
    raise exc
  File "C:\Users\Administrator\AppData\Local\Programs\Python\Python312\Lib\site-packages\starlette\_exception_handler.py", line 42, in wrapped_app
    await app(scope, receive, sender)
  File "C:\Users\Administrator\AppData\Local\Programs\Python\Python312\Lib\site-packages\fastapi\routing.py", line 144, in app
    response = await f(request)
               ^^^^^^^^^^^^^^^^
  File "C:\Users\Administrator\AppData\Local\Programs\Python\Python312\Lib\site-packages\fastapi\routing.py", line 706, in app
    raw_response = await run_endpoint_function(
                   ^^^^^^^^^^^^^^^^^^^^^^^^^^^^
  File "C:\Users\Administrator\AppData\Local\Programs\Python\Python312\Lib\site-packages\fastapi\routing.py", line 354, in run_endpoint_function
    return await run_in_threadpool(dependant.call, **values)
           ^^^^^^^^^^^^^^^^^^^^^^^^^^^^^^^^^^^^^^^^^^^^^^^^^
  File "C:\Users\Administrator\AppData\Local\Programs\Python\Python312\Lib\site-packages\starlette\concurrency.py", line 34, in run_in_threadpool
    return await anyio.to_thread.run_sync(func)
           ^^^^^^^^^^^^^^^^^^^^^^^^^^^^^^^^^^^^
  File "C:\Users\Administrator\AppData\Local\Programs\Python\Python312\Lib\site-packages\anyio\to_thread.py", line 65, in run_sync
    return await get_async_backend().run_sync_in_worker_thread(
           ^^^^^^^^^^^^^^^^^^^^^^^^^^^^^^^^^^^^^^^^^^^^^^^^^^^^
  File "C:\Users\Administrator\AppData\Local\Programs\Python\Python312\Lib\site-packages\anyio\_backends\_asyncio.py", line 2641, in run_sync_in_worker_thread
    return await future
           ^^^^^^^^^^^^
  File "C:\Users\Administrator\AppData\Local\Programs\Python\Python312\Lib\site-packages\anyio\_backends\_asyncio.py", line 1033, in run
    result = context.run(func, *args)
             ^^^^^^^^^^^^^^^^^^^^^^^^
  File "E:\Soft\倪海夏三套学习系统\finalhopes-Learning-System\web_app\server.py", line 1412, in serve_img
    row = db.execute("SELECT data, mime FROM images WHERE name=?", (key,)).fetchone()
          ^^^^^^^^^^^^^^^^^^^^^^^^^^^^^^^^^^^^^^^^^^^^^^^^^^^^^^^^^^^^^^^^
sqlite3.InterfaceError: bad parameter or other API misuse
ERROR:    Exception in ASGI application
  + Exception Group Traceback (most recent call last):
  |   File "C:\Users\Administrator\AppData\Local\Programs\Python\Python312\Lib\site-packages\starlette\_utils.py", line 85, in create_collapsing_task_group
  |     async with anyio.create_task_group() as tg:
  |   File "C:\Users\Administrator\AppData\Local\Programs\Python\Python312\Lib\site-packages\anyio\_backends\_asyncio.py", line 815, in __aexit__
  |     raise BaseExceptionGroup(
  | ExceptionGroup: unhandled errors in a TaskGroup (1 sub-exception)
  +-+---------------- 1 ----------------
    | Traceback (most recent call last):
    |   File "C:\Users\Administrator\AppData\Local\Programs\Python\Python312\Lib\site-packages\uvicorn\protocols\http\h11_impl.py", line 411, in run_asgi
    |     result = await app(  # type: ignore[func-returns-value]
    |              ^^^^^^^^^^^^^^^^^^^^^^^^^^^^^^^^^^^^^^^^^^^^^^
    |   File "C:\Users\Administrator\AppData\Local\Programs\Python\Python312\Lib\site-packages\uvicorn\middleware\proxy_headers.py", line 63, in __call__
    |     return await self.app(scope, receive, send)
    |            ^^^^^^^^^^^^^^^^^^^^^^^^^^^^^^^^^^^^
    |   File "C:\Users\Administrator\AppData\Local\Programs\Python\Python312\Lib\site-packages\fastapi\applications.py", line 1163, in __call__
    |     await super().__call__(scope, receive, send)
    |   File "C:\Users\Administrator\AppData\Local\Programs\Python\Python312\Lib\site-packages\starlette\applications.py", line 96, in __call__
    |     await self.middleware_stack(scope, receive, send)
    |   File "C:\Users\Administrator\AppData\Local\Programs\Python\Python312\Lib\site-packages\starlette\middleware\errors.py", line 186, in __call__
    |     raise exc
    |   File "C:\Users\Administrator\AppData\Local\Programs\Python\Python312\Lib\site-packages\starlette\middleware\errors.py", line 164, in __call__
    |     await self.app(scope, receive, _send)
    |   File "C:\Users\Administrator\AppData\Local\Programs\Python\Python312\Lib\site-packages\starlette\middleware\base.py", line 193, in __call__
    |     response = await self.dispatch_func(request, call_next)
    |                ^^^^^^^^^^^^^^^^^^^^^^^^^^^^^^^^^^^^^^^^^^^^
    |   File "E:\Soft\倪海夏三套学习系统\finalhopes-Learning-System\web_app\server.py", line 1556, in _ensure_data_middleware
    |     return await call_next(request)
    |            ^^^^^^^^^^^^^^^^^^^^^^^^
    |   File "C:\Users\Administrator\AppData\Local\Programs\Python\Python312\Lib\site-packages\starlette\middleware\base.py", line 168, in call_next
    |     raise app_exc from app_exc.__cause__ or app_exc.__context__
    |   File "C:\Users\Administrator\AppData\Local\Programs\Python\Python312\Lib\site-packages\starlette\middleware\base.py", line 144, in coro
    |     await self.app(scope, receive_or_disconnect, send_no_error)
    |   File "C:\Users\Administrator\AppData\Local\Programs\Python\Python312\Lib\site-packages\starlette\middleware\base.py", line 193, in __call__
    |     response = await self.dispatch_func(request, call_next)
    |                ^^^^^^^^^^^^^^^^^^^^^^^^^^^^^^^^^^^^^^^^^^^^
    |   File "E:\Soft\倪海夏三套学习系统\finalhopes-Learning-System\web_app\server.py", line 1537, in _security_middleware
    |     return await call_next(request)
    |            ^^^^^^^^^^^^^^^^^^^^^^^^
    |   File "C:\Users\Administrator\AppData\Local\Programs\Python\Python312\Lib\site-packages\starlette\middleware\base.py", line 168, in call_next
    |     raise app_exc from app_exc.__cause__ or app_exc.__context__
    |   File "C:\Users\Administrator\AppData\Local\Programs\Python\Python312\Lib\site-packages\starlette\middleware\base.py", line 144, in coro
    |     await self.app(scope, receive_or_disconnect, send_no_error)
    |   File "C:\Users\Administrator\AppData\Local\Programs\Python\Python312\Lib\site-packages\starlette\middleware\exceptions.py", line 63, in __call__
    |     await wrap_app_handling_exceptions(self.app, conn)(scope, receive, send)
    |   File "C:\Users\Administrator\AppData\Local\Programs\Python\Python312\Lib\site-packages\starlette\_exception_handler.py", line 53, in wrapped_app
    |     raise exc
    |   File "C:\Users\Administrator\AppData\Local\Programs\Python\Python312\Lib\site-packages\starlette\_exception_handler.py", line 42, in wrapped_app
    |     await app(scope, receive, sender)
    |   File "C:\Users\Administrator\AppData\Local\Programs\Python\Python312\Lib\site-packages\fastapi\middleware\asyncexitstack.py", line 18, in __call__
    |     await self.app(scope, receive, send)
    |   File "C:\Users\Administrator\AppData\Local\Programs\Python\Python312\Lib\site-packages\starlette\routing.py", line 670, in __call__
    |     await self.middleware_stack(scope, receive, send)
    |   File "C:\Users\Administrator\AppData\Local\Programs\Python\Python312\Lib\site-packages\fastapi\routing.py", line 2734, in app
    |     await route.handle(scope, receive, send)
    |   File "C:\Users\Administrator\AppData\Local\Programs\Python\Python312\Lib\site-packages\fastapi\routing.py", line 1281, in handle
    |     await super().handle(scope, receive, send)
    |   File "C:\Users\Administrator\AppData\Local\Programs\Python\Python312\Lib\site-packages\starlette\routing.py", line 280, in handle
    |     await self.app(scope, receive, send)
    |   File "C:\Users\Administrator\AppData\Local\Programs\Python\Python312\Lib\site-packages\fastapi\routing.py", line 158, in app
    |     await wrap_app_handling_exceptions(app, request)(scope, receive, send)
    |   File "C:\Users\Administrator\AppData\Local\Programs\Python\Python312\Lib\site-packages\starlette\_exception_handler.py", line 53, in wrapped_app
    |     raise exc
    |   File "C:\Users\Administrator\AppData\Local\Programs\Python\Python312\Lib\site-packages\starlette\_exception_handler.py", line 42, in wrapped_app
    |     await app(scope, receive, sender)
    |   File "C:\Users\Administrator\AppData\Local\Programs\Python\Python312\Lib\site-packages\fastapi\routing.py", line 144, in app
    |     response = await f(request)
    |                ^^^^^^^^^^^^^^^^
    |   File "C:\Users\Administrator\AppData\Local\Programs\Python\Python312\Lib\site-packages\fastapi\routing.py", line 706, in app
    |     raw_response = await run_endpoint_function(
    |                    ^^^^^^^^^^^^^^^^^^^^^^^^^^^^
    |   File "C:\Users\Administrator\AppData\Local\Programs\Python\Python312\Lib\site-packages\fastapi\routing.py", line 354, in run_endpoint_function
    |     return await run_in_threadpool(dependant.call, **values)
    |            ^^^^^^^^^^^^^^^^^^^^^^^^^^^^^^^^^^^^^^^^^^^^^^^^^
    |   File "C:\Users\Administrator\AppData\Local\Programs\Python\Python312\Lib\site-packages\starlette\concurrency.py", line 34, in run_in_threadpool
    |     return await anyio.to_thread.run_sync(func)
    |            ^^^^^^^^^^^^^^^^^^^^^^^^^^^^^^^^^^^^
    |   File "C:\Users\Administrator\AppData\Local\Programs\Python\Python312\Lib\site-packages\anyio\to_thread.py", line 65, in run_sync
    |     return await get_async_backend().run_sync_in_worker_thread(
    |            ^^^^^^^^^^^^^^^^^^^^^^^^^^^^^^^^^^^^^^^^^^^^^^^^^^^^
    |   File "C:\Users\Administrator\AppData\Local\Programs\Python\Python312\Lib\site-packages\anyio\_backends\_asyncio.py", line 2641, in run_sync_in_worker_thread
    |     return await future
    |            ^^^^^^^^^^^^
    |   File "C:\Users\Administrator\AppData\Local\Programs\Python\Python312\Lib\site-packages\anyio\_backends\_asyncio.py", line 1033, in run
    |     result = context.run(func, *args)
    |              ^^^^^^^^^^^^^^^^^^^^^^^^
    |   File "E:\Soft\倪海夏三套学习系统\finalhopes-Learning-System\web_app\server.py", line 1412, in serve_img
    |     row = db.execute("SELECT data, mime FROM images WHERE name=?", (key,)).fetchone()
    |           ^^^^^^^^^^^^^^^^^^^^^^^^^^^^^^^^^^^^^^^^^^^^^^^^^^^^^^^^^^^^^^^^
    | sqlite3.InterfaceError: bad parameter or other API misuse
    +------------------------------------

The above exception was the direct cause of the following exception:

Traceback (most recent call last):
  File "C:\Users\Administrator\AppData\Local\Programs\Python\Python312\Lib\site-packages\uvicorn\protocols\http\h11_impl.py", line 411, in run_asgi
    result = await app(  # type: ignore[func-returns-value]
             ^^^^^^^^^^^^^^^^^^^^^^^^^^^^^^^^^^^^^^^^^^^^^^
  File "C:\Users\Administrator\AppData\Local\Programs\Python\Python312\Lib\site-packages\uvicorn\middleware\proxy_headers.py", line 63, in __call__
    return await self.app(scope, receive, send)
           ^^^^^^^^^^^^^^^^^^^^^^^^^^^^^^^^^^^^
  File "C:\Users\Administrator\AppData\Local\Programs\Python\Python312\Lib\site-packages\fastapi\applications.py", line 1163, in __call__
    await super().__call__(scope, receive, send)
  File "C:\Users\Administrator\AppData\Local\Programs\Python\Python312\Lib\site-packages\starlette\applications.py", line 96, in __call__
    await self.middleware_stack(scope, receive, send)
  File "C:\Users\Administrator\AppData\Local\Programs\Python\Python312\Lib\site-packages\starlette\middleware\errors.py", line 186, in __call__
    raise exc
  File "C:\Users\Administrator\AppData\Local\Programs\Python\Python312\Lib\site-packages\starlette\middleware\errors.py", line 164, in __call__
    await self.app(scope, receive, _send)
  File "C:\Users\Administrator\AppData\Local\Programs\Python\Python312\Lib\site-packages\starlette\middleware\base.py", line 193, in __call__
    response = await self.dispatch_func(request, call_next)
               ^^^^^^^^^^^^^^^^^^^^^^^^^^^^^^^^^^^^^^^^^^^^
  File "E:\Soft\倪海夏三套学习系统\finalhopes-Learning-System\web_app\server.py", line 1556, in _ensure_data_middleware
    return await call_next(request)
           ^^^^^^^^^^^^^^^^^^^^^^^^
  File "C:\Users\Administrator\AppData\Local\Programs\Python\Python312\Lib\site-packages\starlette\middleware\base.py", line 168, in call_next
    raise app_exc from app_exc.__cause__ or app_exc.__context__
  File "C:\Users\Administrator\AppData\Local\Programs\Python\Python312\Lib\site-packages\starlette\middleware\base.py", line 144, in coro
    await self.app(scope, receive_or_disconnect, send_no_error)
  File "C:\Users\Administrator\AppData\Local\Programs\Python\Python312\Lib\site-packages\starlette\middleware\base.py", line 193, in __call__
    response = await self.dispatch_func(request, call_next)
               ^^^^^^^^^^^^^^^^^^^^^^^^^^^^^^^^^^^^^^^^^^^^
  File "E:\Soft\倪海夏三套学习系统\finalhopes-Learning-System\web_app\server.py", line 1537, in _security_middleware
    return await call_next(request)
           ^^^^^^^^^^^^^^^^^^^^^^^^
  File "C:\Users\Administrator\AppData\Local\Programs\Python\Python312\Lib\site-packages\starlette\middleware\base.py", line 168, in call_next
    raise app_exc from app_exc.__cause__ or app_exc.__context__
  File "C:\Users\Administrator\AppData\Local\Programs\Python\Python312\Lib\site-packages\starlette\middleware\base.py", line 144, in coro
    await self.app(scope, receive_or_disconnect, send_no_error)
  File "C:\Users\Administrator\AppData\Local\Programs\Python\Python312\Lib\site-packages\starlette\middleware\exceptions.py", line 63, in __call__
    await wrap_app_handling_exceptions(self.app, conn)(scope, receive, send)
  File "C:\Users\Administrator\AppData\Local\Programs\Python\Python312\Lib\site-packages\starlette\_exception_handler.py", line 53, in wrapped_app
    raise exc
  File "C:\Users\Administrator\AppData\Local\Programs\Python\Python312\Lib\site-packages\starlette\_exception_handler.py", line 42, in wrapped_app
    await app(scope, receive, sender)
  File "C:\Users\Administrator\AppData\Local\Programs\Python\Python312\Lib\site-packages\fastapi\middleware\asyncexitstack.py", line 18, in __call__
    await self.app(scope, receive, send)
  File "C:\Users\Administrator\AppData\Local\Programs\Python\Python312\Lib\site-packages\starlette\routing.py", line 670, in __call__
    await self.middleware_stack(scope, receive, send)
  File "C:\Users\Administrator\AppData\Local\Programs\Python\Python312\Lib\site-packages\fastapi\routing.py", line 2734, in app
    await route.handle(scope, receive, send)
  File "C:\Users\Administrator\AppData\Local\Programs\Python\Python312\Lib\site-packages\fastapi\routing.py", line 1281, in handle
    await super().handle(scope, receive, send)
  File "C:\Users\Administrator\AppData\Local\Programs\Python\Python312\Lib\site-packages\starlette\routing.py", line 280, in handle
    await self.app(scope, receive, send)
  File "C:\Users\Administrator\AppData\Local\Programs\Python\Python312\Lib\site-packages\fastapi\routing.py", line 158, in app
    await wrap_app_handling_exceptions(app, request)(scope, receive, send)
  File "C:\Users\Administrator\AppData\Local\Programs\Python\Python312\Lib\site-packages\starlette\_exception_handler.py", line 53, in wrapped_app
    raise exc
  File "C:\Users\Administrator\AppData\Local\Programs\Python\Python312\Lib\site-packages\starlette\_exception_handler.py", line 42, in wrapped_app
    await app(scope, receive, sender)
  File "C:\Users\Administrator\AppData\Local\Programs\Python\Python312\Lib\site-packages\fastapi\routing.py", line 144, in app
    response = await f(request)
               ^^^^^^^^^^^^^^^^
  File "C:\Users\Administrator\AppData\Local\Programs\Python\Python312\Lib\site-packages\fastapi\routing.py", line 706, in app
    raw_response = await run_endpoint_function(
                   ^^^^^^^^^^^^^^^^^^^^^^^^^^^^
  File "C:\Users\Administrator\AppData\Local\Programs\Python\Python312\Lib\site-packages\fastapi\routing.py", line 354, in run_endpoint_function
    return await run_in_threadpool(dependant.call, **values)
           ^^^^^^^^^^^^^^^^^^^^^^^^^^^^^^^^^^^^^^^^^^^^^^^^^
  File "C:\Users\Administrator\AppData\Local\Programs\Python\Python312\Lib\site-packages\starlette\concurrency.py", line 34, in run_in_threadpool
    return await anyio.to_thread.run_sync(func)
           ^^^^^^^^^^^^^^^^^^^^^^^^^^^^^^^^^^^^
  File "C:\Users\Administrator\AppData\Local\Programs\Python\Python312\Lib\site-packages\anyio\to_thread.py", line 65, in run_sync
    return await get_async_backend().run_sync_in_worker_thread(
           ^^^^^^^^^^^^^^^^^^^^^^^^^^^^^^^^^^^^^^^^^^^^^^^^^^^^
  File "C:\Users\Administrator\AppData\Local\Programs\Python\Python312\Lib\site-packages\anyio\_backends\_asyncio.py", line 2641, in run_sync_in_worker_thread
    return await future
           ^^^^^^^^^^^^
  File "C:\Users\Administrator\AppData\Local\Programs\Python\Python312\Lib\site-packages\anyio\_backends\_asyncio.py", line 1033, in run
    result = context.run(func, *args)
             ^^^^^^^^^^^^^^^^^^^^^^^^
  File "E:\Soft\倪海夏三套学习系统\finalhopes-Learning-System\web_app\server.py", line 1412, in serve_img
    row = db.execute("SELECT data, mime FROM images WHERE name=?", (key,)).fetchone()
          ^^^^^^^^^^^^^^^^^^^^^^^^^^^^^^^^^^^^^^^^^^^^^^^^^^^^^^^^^^^^^^^^
sqlite3.InterfaceError: bad parameter or other API misuse
ERROR:    Exception in ASGI application
  + Exception Group Traceback (most recent call last):
  |   File "C:\Users\Administrator\AppData\Local\Programs\Python\Python312\Lib\site-packages\starlette\_utils.py", line 85, in create_collapsing_task_group
  |     async with anyio.create_task_group() as tg:
  |   File "C:\Users\Administrator\AppData\Local\Programs\Python\Python312\Lib\site-packages\anyio\_backends\_asyncio.py", line 815, in __aexit__
  |     raise BaseExceptionGroup(
  | ExceptionGroup: unhandled errors in a TaskGroup (1 sub-exception)
  +-+---------------- 1 ----------------
    | Traceback (most recent call last):
    |   File "C:\Users\Administrator\AppData\Local\Programs\Python\Python312\Lib\site-packages\uvicorn\protocols\http\h11_impl.py", line 411, in run_asgi
    |     result = await app(  # type: ignore[func-returns-value]
    |              ^^^^^^^^^^^^^^^^^^^^^^^^^^^^^^^^^^^^^^^^^^^^^^
    |   File "C:\Users\Administrator\AppData\Local\Programs\Python\Python312\Lib\site-packages\uvicorn\middleware\proxy_headers.py", line 63, in __call__
    |     return await self.app(scope, receive, send)
    |            ^^^^^^^^^^^^^^^^^^^^^^^^^^^^^^^^^^^^
    |   File "C:\Users\Administrator\AppData\Local\Programs\Python\Python312\Lib\site-packages\fastapi\applications.py", line 1163, in __call__
    |     await super().__call__(scope, receive, send)
    |   File "C:\Users\Administrator\AppData\Local\Programs\Python\Python312\Lib\site-packages\starlette\applications.py", line 96, in __call__
    |     await self.middleware_stack(scope, receive, send)
    |   File "C:\Users\Administrator\AppData\Local\Programs\Python\Python312\Lib\site-packages\starlette\middleware\errors.py", line 186, in __call__
    |     raise exc
    |   File "C:\Users\Administrator\AppData\Local\Programs\Python\Python312\Lib\site-packages\starlette\middleware\errors.py", line 164, in __call__
    |     await self.app(scope, receive, _send)
    |   File "C:\Users\Administrator\AppData\Local\Programs\Python\Python312\Lib\site-packages\starlette\middleware\base.py", line 193, in __call__
    |     response = await self.dispatch_func(request, call_next)
    |                ^^^^^^^^^^^^^^^^^^^^^^^^^^^^^^^^^^^^^^^^^^^^
    |   File "E:\Soft\倪海夏三套学习系统\finalhopes-Learning-System\web_app\server.py", line 1556, in _ensure_data_middleware
    |     return await call_next(request)
    |            ^^^^^^^^^^^^^^^^^^^^^^^^
    |   File "C:\Users\Administrator\AppData\Local\Programs\Python\Python312\Lib\site-packages\starlette\middleware\base.py", line 168, in call_next
    |     raise app_exc from app_exc.__cause__ or app_exc.__context__
    |   File "C:\Users\Administrator\AppData\Local\Programs\Python\Python312\Lib\site-packages\starlette\middleware\base.py", line 144, in coro
    |     await self.app(scope, receive_or_disconnect, send_no_error)
    |   File "C:\Users\Administrator\AppData\Local\Programs\Python\Python312\Lib\site-packages\starlette\middleware\base.py", line 193, in __call__
    |     response = await self.dispatch_func(request, call_next)
    |                ^^^^^^^^^^^^^^^^^^^^^^^^^^^^^^^^^^^^^^^^^^^^
    |   File "E:\Soft\倪海夏三套学习系统\finalhopes-Learning-System\web_app\server.py", line 1537, in _security_middleware
    |     return await call_next(request)
    |            ^^^^^^^^^^^^^^^^^^^^^^^^
    |   File "C:\Users\Administrator\AppData\Local\Programs\Python\Python312\Lib\site-packages\starlette\middleware\base.py", line 168, in call_next
    |     raise app_exc from app_exc.__cause__ or app_exc.__context__
    |   File "C:\Users\Administrator\AppData\Local\Programs\Python\Python312\Lib\site-packages\starlette\middleware\base.py", line 144, in coro
    |     await self.app(scope, receive_or_disconnect, send_no_error)
    |   File "C:\Users\Administrator\AppData\Local\Programs\Python\Python312\Lib\site-packages\starlette\middleware\exceptions.py", line 63, in __call__
    |     await wrap_app_handling_exceptions(self.app, conn)(scope, receive, send)
    |   File "C:\Users\Administrator\AppData\Local\Programs\Python\Python312\Lib\site-packages\starlette\_exception_handler.py", line 53, in wrapped_app
    |     raise exc
    |   File "C:\Users\Administrator\AppData\Local\Programs\Python\Python312\Lib\site-packages\starlette\_exception_handler.py", line 42, in wrapped_app
    |     await app(scope, receive, sender)
    |   File "C:\Users\Administrator\AppData\Local\Programs\Python\Python312\Lib\site-packages\fastapi\middleware\asyncexitstack.py", line 18, in __call__
    |     await self.app(scope, receive, send)
    |   File "C:\Users\Administrator\AppData\Local\Programs\Python\Python312\Lib\site-packages\starlette\routing.py", line 670, in __call__
    |     await self.middleware_stack(scope, receive, send)
    |   File "C:\Users\Administrator\AppData\Local\Programs\Python\Python312\Lib\site-packages\fastapi\routing.py", line 2734, in app
    |     await route.handle(scope, receive, send)
    |   File "C:\Users\Administrator\AppData\Local\Programs\Python\Python312\Lib\site-packages\fastapi\routing.py", line 1281, in handle
    |     await super().handle(scope, receive, send)
    |   File "C:\Users\Administrator\AppData\Local\Programs\Python\Python312\Lib\site-packages\starlette\routing.py", line 280, in handle
    |     await self.app(scope, receive, send)
    |   File "C:\Users\Administrator\AppData\Local\Programs\Python\Python312\Lib\site-packages\fastapi\routing.py", line 158, in app
    |     await wrap_app_handling_exceptions(app, request)(scope, receive, send)
    |   File "C:\Users\Administrator\AppData\Local\Programs\Python\Python312\Lib\site-packages\starlette\_exception_handler.py", line 53, in wrapped_app
    |     raise exc
    |   File "C:\Users\Administrator\AppData\Local\Programs\Python\Python312\Lib\site-packages\starlette\_exception_handler.py", line 42, in wrapped_app
    |     await app(scope, receive, sender)
    |   File "C:\Users\Administrator\AppData\Local\Programs\Python\Python312\Lib\site-packages\fastapi\routing.py", line 144, in app
    |     response = await f(request)
    |                ^^^^^^^^^^^^^^^^
    |   File "C:\Users\Administrator\AppData\Local\Programs\Python\Python312\Lib\site-packages\fastapi\routing.py", line 706, in app
    |     raw_response = await run_endpoint_function(
    |                    ^^^^^^^^^^^^^^^^^^^^^^^^^^^^
    |   File "C:\Users\Administrator\AppData\Local\Programs\Python\Python312\Lib\site-packages\fastapi\routing.py", line 354, in run_endpoint_function
    |     return await run_in_threadpool(dependant.call, **values)
    |            ^^^^^^^^^^^^^^^^^^^^^^^^^^^^^^^^^^^^^^^^^^^^^^^^^
    |   File "C:\Users\Administrator\AppData\Local\Programs\Python\Python312\Lib\site-packages\starlette\concurrency.py", line 34, in run_in_threadpool
    |     return await anyio.to_thread.run_sync(func)
    |            ^^^^^^^^^^^^^^^^^^^^^^^^^^^^^^^^^^^^
    |   File "C:\Users\Administrator\AppData\Local\Programs\Python\Python312\Lib\site-packages\anyio\to_thread.py", line 65, in run_sync
    |     return await get_async_backend().run_sync_in_worker_thread(
    |            ^^^^^^^^^^^^^^^^^^^^^^^^^^^^^^^^^^^^^^^^^^^^^^^^^^^^
    |   File "C:\Users\Administrator\AppData\Local\Programs\Python\Python312\Lib\site-packages\anyio\_backends\_asyncio.py", line 2641, in run_sync_in_worker_thread
    |     return await future
    |            ^^^^^^^^^^^^
    |   File "C:\Users\Administrator\AppData\Local\Programs\Python\Python312\Lib\site-packages\anyio\_backends\_asyncio.py", line 1033, in run
    |     result = context.run(func, *args)
    |              ^^^^^^^^^^^^^^^^^^^^^^^^
    |   File "E:\Soft\倪海夏三套学习系统\finalhopes-Learning-System\web_app\server.py", line 1412, in serve_img
    |     row = db.execute("SELECT data, mime FROM images WHERE name=?", (key,)).fetchone()
    |           ^^^^^^^^^^^^^^^^^^^^^^^^^^^^^^^^^^^^^^^^^^^^^^^^^^^^^^^^^^^^^^^^
    | sqlite3.InterfaceError: bad parameter or other API misuse
    +------------------------------------

The above exception was the direct cause of the following exception:

Traceback (most recent call last):
  File "C:\Users\Administrator\AppData\Local\Programs\Python\Python312\Lib\site-packages\uvicorn\protocols\http\h11_impl.py", line 411, in run_asgi
    result = await app(  # type: ignore[func-returns-value]
             ^^^^^^^^^^^^^^^^^^^^^^^^^^^^^^^^^^^^^^^^^^^^^^
  File "C:\Users\Administrator\AppData\Local\Programs\Python\Python312\Lib\site-packages\uvicorn\middleware\proxy_headers.py", line 63, in __call__
    return await self.app(scope, receive, send)
           ^^^^^^^^^^^^^^^^^^^^^^^^^^^^^^^^^^^^
  File "C:\Users\Administrator\AppData\Local\Programs\Python\Python312\Lib\site-packages\fastapi\applications.py", line 1163, in __call__
    await super().__call__(scope, receive, send)
  File "C:\Users\Administrator\AppData\Local\Programs\Python\Python312\Lib\site-packages\starlette\applications.py", line 96, in __call__
    await self.middleware_stack(scope, receive, send)
  File "C:\Users\Administrator\AppData\Local\Programs\Python\Python312\Lib\site-packages\starlette\middleware\errors.py", line 186, in __call__
    raise exc
  File "C:\Users\Administrator\AppData\Local\Programs\Python\Python312\Lib\site-packages\starlette\middleware\errors.py", line 164, in __call__
    await self.app(scope, receive, _send)
  File "C:\Users\Administrator\AppData\Local\Programs\Python\Python312\Lib\site-packages\starlette\middleware\base.py", line 193, in __call__
    response = await self.dispatch_func(request, call_next)
               ^^^^^^^^^^^^^^^^^^^^^^^^^^^^^^^^^^^^^^^^^^^^
  File "E:\Soft\倪海夏三套学习系统\finalhopes-Learning-System\web_app\server.py", line 1556, in _ensure_data_middleware
    return await call_next(request)
           ^^^^^^^^^^^^^^^^^^^^^^^^
  File "C:\Users\Administrator\AppData\Local\Programs\Python\Python312\Lib\site-packages\starlette\middleware\base.py", line 168, in call_next
    raise app_exc from app_exc.__cause__ or app_exc.__context__
  File "C:\Users\Administrator\AppData\Local\Programs\Python\Python312\Lib\site-packages\starlette\middleware\base.py", line 144, in coro
    await self.app(scope, receive_or_disconnect, send_no_error)
  File "C:\Users\Administrator\AppData\Local\Programs\Python\Python312\Lib\site-packages\starlette\middleware\base.py", line 193, in __call__
    response = await self.dispatch_func(request, call_next)
               ^^^^^^^^^^^^^^^^^^^^^^^^^^^^^^^^^^^^^^^^^^^^
  File "E:\Soft\倪海夏三套学习系统\finalhopes-Learning-System\web_app\server.py", line 1537, in _security_middleware
    return await call_next(request)
           ^^^^^^^^^^^^^^^^^^^^^^^^
  File "C:\Users\Administrator\AppData\Local\Programs\Python\Python312\Lib\site-packages\starlette\middleware\base.py", line 168, in call_next
    raise app_exc from app_exc.__cause__ or app_exc.__context__
  File "C:\Users\Administrator\AppData\Local\Programs\Python\Python312\Lib\site-packages\starlette\middleware\base.py", line 144, in coro
    await self.app(scope, receive_or_disconnect, send_no_error)
  File "C:\Users\Administrator\AppData\Local\Programs\Python\Python312\Lib\site-packages\starlette\middleware\exceptions.py", line 63, in __call__
    await wrap_app_handling_exceptions(self.app, conn)(scope, receive, send)
  File "C:\Users\Administrator\AppData\Local\Programs\Python\Python312\Lib\site-packages\starlette\_exception_handler.py", line 53, in wrapped_app
    raise exc
  File "C:\Users\Administrator\AppData\Local\Programs\Python\Python312\Lib\site-packages\starlette\_exception_handler.py", line 42, in wrapped_app
    await app(scope, receive, sender)
  File "C:\Users\Administrator\AppData\Local\Programs\Python\Python312\Lib\site-packages\fastapi\middleware\asyncexitstack.py", line 18, in __call__
    await self.app(scope, receive, send)
  File "C:\Users\Administrator\AppData\Local\Programs\Python\Python312\Lib\site-packages\starlette\routing.py", line 670, in __call__
    await self.middleware_stack(scope, receive, send)
  File "C:\Users\Administrator\AppData\Local\Programs\Python\Python312\Lib\site-packages\fastapi\routing.py", line 2734, in app
    await route.handle(scope, receive, send)
  File "C:\Users\Administrator\AppData\Local\Programs\Python\Python312\Lib\site-packages\fastapi\routing.py", line 1281, in handle
    await super().handle(scope, receive, send)
  File "C:\Users\Administrator\AppData\Local\Programs\Python\Python312\Lib\site-packages\starlette\routing.py", line 280, in handle
    await self.app(scope, receive, send)
  File "C:\Users\Administrator\AppData\Local\Programs\Python\Python312\Lib\site-packages\fastapi\routing.py", line 158, in app
    await wrap_app_handling_exceptions(app, request)(scope, receive, send)
  File "C:\Users\Administrator\AppData\Local\Programs\Python\Python312\Lib\site-packages\starlette\_exception_handler.py", line 53, in wrapped_app
    raise exc
  File "C:\Users\Administrator\AppData\Local\Programs\Python\Python312\Lib\site-packages\starlette\_exception_handler.py", line 42, in wrapped_app
    await app(scope, receive, sender)
  File "C:\Users\Administrator\AppData\Local\Programs\Python\Python312\Lib\site-packages\fastapi\routing.py", line 144, in app
    response = await f(request)
               ^^^^^^^^^^^^^^^^
  File "C:\Users\Administrator\AppData\Local\Programs\Python\Python312\Lib\site-packages\fastapi\routing.py", line 706, in app
    raw_response = await run_endpoint_function(
                   ^^^^^^^^^^^^^^^^^^^^^^^^^^^^
  File "C:\Users\Administrator\AppData\Local\Programs\Python\Python312\Lib\site-packages\fastapi\routing.py", line 354, in run_endpoint_function
    return await run_in_threadpool(dependant.call, **values)
           ^^^^^^^^^^^^^^^^^^^^^^^^^^^^^^^^^^^^^^^^^^^^^^^^^
  File "C:\Users\Administrator\AppData\Local\Programs\Python\Python312\Lib\site-packages\starlette\concurrency.py", line 34, in run_in_threadpool
    return await anyio.to_thread.run_sync(func)
           ^^^^^^^^^^^^^^^^^^^^^^^^^^^^^^^^^^^^
  File "C:\Users\Administrator\AppData\Local\Programs\Python\Python312\Lib\site-packages\anyio\to_thread.py", line 65, in run_sync
    return await get_async_backend().run_sync_in_worker_thread(
           ^^^^^^^^^^^^^^^^^^^^^^^^^^^^^^^^^^^^^^^^^^^^^^^^^^^^
  File "C:\Users\Administrator\AppData\Local\Programs\Python\Python312\Lib\site-packages\anyio\_backends\_asyncio.py", line 2641, in run_sync_in_worker_thread
    return await future
           ^^^^^^^^^^^^
  File "C:\Users\Administrator\AppData\Local\Programs\Python\Python312\Lib\site-packages\anyio\_backends\_asyncio.py", line 1033, in run
    result = context.run(func, *args)
             ^^^^^^^^^^^^^^^^^^^^^^^^
  File "E:\Soft\倪海夏三套学习系统\finalhopes-Learning-System\web_app\server.py", line 1412, in serve_img
    row = db.execute("SELECT data, mime FROM images WHERE name=?", (key,)).fetchone()
          ^^^^^^^^^^^^^^^^^^^^^^^^^^^^^^^^^^^^^^^^^^^^^^^^^^^^^^^^^^^^^^^^
sqlite3.InterfaceError: bad parameter or other API misuse
ERROR:    Exception in ASGI application
  + Exception Group Traceback (most recent call last):
  |   File "C:\Users\Administrator\AppData\Local\Programs\Python\Python312\Lib\site-packages\starlette\_utils.py", line 85, in create_collapsing_task_group
  |     async with anyio.create_task_group() as tg:
  |   File "C:\Users\Administrator\AppData\Local\Programs\Python\Python312\Lib\site-packages\anyio\_backends\_asyncio.py", line 815, in __aexit__
  |     raise BaseExceptionGroup(
  | ExceptionGroup: unhandled errors in a TaskGroup (1 sub-exception)
  +-+---------------- 1 ----------------
    | Traceback (most recent call last):
    |   File "C:\Users\Administrator\AppData\Local\Programs\Python\Python312\Lib\site-packages\uvicorn\protocols\http\h11_impl.py", line 411, in run_asgi
    |     result = await app(  # type: ignore[func-returns-value]
    |              ^^^^^^^^^^^^^^^^^^^^^^^^^^^^^^^^^^^^^^^^^^^^^^
    |   File "C:\Users\Administrator\AppData\Local\Programs\Python\Python312\Lib\site-packages\uvicorn\middleware\proxy_headers.py", line 63, in __call__
    |     return await self.app(scope, receive, send)
    |            ^^^^^^^^^^^^^^^^^^^^^^^^^^^^^^^^^^^^
    |   File "C:\Users\Administrator\AppData\Local\Programs\Python\Python312\Lib\site-packages\fastapi\applications.py", line 1163, in __call__
    |     await super().__call__(scope, receive, send)
    |   File "C:\Users\Administrator\AppData\Local\Programs\Python\Python312\Lib\site-packages\starlette\applications.py", line 96, in __call__
    |     await self.middleware_stack(scope, receive, send)
    |   File "C:\Users\Administrator\AppData\Local\Programs\Python\Python312\Lib\site-packages\starlette\middleware\errors.py", line 186, in __call__
    |     raise exc
    |   File "C:\Users\Administrator\AppData\Local\Programs\Python\Python312\Lib\site-packages\starlette\middleware\errors.py", line 164, in __call__
    |     await self.app(scope, receive, _send)
    |   File "C:\Users\Administrator\AppData\Local\Programs\Python\Python312\Lib\site-packages\starlette\middleware\base.py", line 193, in __call__
    |     response = await self.dispatch_func(request, call_next)
    |                ^^^^^^^^^^^^^^^^^^^^^^^^^^^^^^^^^^^^^^^^^^^^
    |   File "E:\Soft\倪海夏三套学习系统\finalhopes-Learning-System\web_app\server.py", line 1556, in _ensure_data_middleware
    |     return await call_next(request)
    |            ^^^^^^^^^^^^^^^^^^^^^^^^
    |   File "C:\Users\Administrator\AppData\Local\Programs\Python\Python312\Lib\site-packages\starlette\middleware\base.py", line 168, in call_next
    |     raise app_exc from app_exc.__cause__ or app_exc.__context__
    |   File "C:\Users\Administrator\AppData\Local\Programs\Python\Python312\Lib\site-packages\starlette\middleware\base.py", line 144, in coro
    |     await self.app(scope, receive_or_disconnect, send_no_error)
    |   File "C:\Users\Administrator\AppData\Local\Programs\Python\Python312\Lib\site-packages\starlette\middleware\base.py", line 193, in __call__
    |     response = await self.dispatch_func(request, call_next)
    |                ^^^^^^^^^^^^^^^^^^^^^^^^^^^^^^^^^^^^^^^^^^^^
    |   File "E:\Soft\倪海夏三套学习系统\finalhopes-Learning-System\web_app\server.py", line 1537, in _security_middleware
    |     return await call_next(request)
    |            ^^^^^^^^^^^^^^^^^^^^^^^^
    |   File "C:\Users\Administrator\AppData\Local\Programs\Python\Python312\Lib\site-packages\starlette\middleware\base.py", line 168, in call_next
    |     raise app_exc from app_exc.__cause__ or app_exc.__context__
    |   File "C:\Users\Administrator\AppData\Local\Programs\Python\Python312\Lib\site-packages\starlette\middleware\base.py", line 144, in coro
    |     await self.app(scope, receive_or_disconnect, send_no_error)
    |   File "C:\Users\Administrator\AppData\Local\Programs\Python\Python312\Lib\site-packages\starlette\middleware\exceptions.py", line 63, in __call__
    |     await wrap_app_handling_exceptions(self.app, conn)(scope, receive, send)
    |   File "C:\Users\Administrator\AppData\Local\Programs\Python\Python312\Lib\site-packages\starlette\_exception_handler.py", line 53, in wrapped_app
    |     raise exc
    |   File "C:\Users\Administrator\AppData\Local\Programs\Python\Python312\Lib\site-packages\starlette\_exception_handler.py", line 42, in wrapped_app
    |     await app(scope, receive, sender)
    |   File "C:\Users\Administrator\AppData\Local\Programs\Python\Python312\Lib\site-packages\fastapi\middleware\asyncexitstack.py", line 18, in __call__
    |     await self.app(scope, receive, send)
    |   File "C:\Users\Administrator\AppData\Local\Programs\Python\Python312\Lib\site-packages\starlette\routing.py", line 670, in __call__
    |     await self.middleware_stack(scope, receive, send)
    |   File "C:\Users\Administrator\AppData\Local\Programs\Python\Python312\Lib\site-packages\fastapi\routing.py", line 2734, in app
    |     await route.handle(scope, receive, send)
    |   File "C:\Users\Administrator\AppData\Local\Programs\Python\Python312\Lib\site-packages\fastapi\routing.py", line 1281, in handle
    |     await super().handle(scope, receive, send)
    |   File "C:\Users\Administrator\AppData\Local\Programs\Python\Python312\Lib\site-packages\starlette\routing.py", line 280, in handle
    |     await self.app(scope, receive, send)
    |   File "C:\Users\Administrator\AppData\Local\Programs\Python\Python312\Lib\site-packages\fastapi\routing.py", line 158, in app
    |     await wrap_app_handling_exceptions(app, request)(scope, receive, send)
    |   File "C:\Users\Administrator\AppData\Local\Programs\Python\Python312\Lib\site-packages\starlette\_exception_handler.py", line 53, in wrapped_app
    |     raise exc
    |   File "C:\Users\Administrator\AppData\Local\Programs\Python\Python312\Lib\site-packages\starlette\_exception_handler.py", line 42, in wrapped_app
    |     await app(scope, receive, sender)
    |   File "C:\Users\Administrator\AppData\Local\Programs\Python\Python312\Lib\site-packages\fastapi\routing.py", line 144, in app
    |     response = await f(request)
    |                ^^^^^^^^^^^^^^^^
    |   File "C:\Users\Administrator\AppData\Local\Programs\Python\Python312\Lib\site-packages\fastapi\routing.py", line 706, in app
    |     raw_response = await run_endpoint_function(
    |                    ^^^^^^^^^^^^^^^^^^^^^^^^^^^^
    |   File "C:\Users\Administrator\AppData\Local\Programs\Python\Python312\Lib\site-packages\fastapi\routing.py", line 354, in run_endpoint_function
    |     return await run_in_threadpool(dependant.call, **values)
    |            ^^^^^^^^^^^^^^^^^^^^^^^^^^^^^^^^^^^^^^^^^^^^^^^^^
    |   File "C:\Users\Administrator\AppData\Local\Programs\Python\Python312\Lib\site-packages\starlette\concurrency.py", line 34, in run_in_threadpool
    |     return await anyio.to_thread.run_sync(func)
    |            ^^^^^^^^^^^^^^^^^^^^^^^^^^^^^^^^^^^^
    |   File "C:\Users\Administrator\AppData\Local\Programs\Python\Python312\Lib\site-packages\anyio\to_thread.py", line 65, in run_sync
    |     return await get_async_backend().run_sync_in_worker_thread(
    |            ^^^^^^^^^^^^^^^^^^^^^^^^^^^^^^^^^^^^^^^^^^^^^^^^^^^^
    |   File "C:\Users\Administrator\AppData\Local\Programs\Python\Python312\Lib\site-packages\anyio\_backends\_asyncio.py", line 2641, in run_sync_in_worker_thread
    |     return await future
    |            ^^^^^^^^^^^^
    |   File "C:\Users\Administrator\AppData\Local\Programs\Python\Python312\Lib\site-packages\anyio\_backends\_asyncio.py", line 1033, in run
    |     result = context.run(func, *args)
    |              ^^^^^^^^^^^^^^^^^^^^^^^^
    |   File "E:\Soft\倪海夏三套学习系统\finalhopes-Learning-System\web_app\server.py", line 1412, in serve_img
    |     row = db.execute("SELECT data, mime FROM images WHERE name=?", (key,)).fetchone()
    |           ^^^^^^^^^^^^^^^^^^^^^^^^^^^^^^^^^^^^^^^^^^^^^^^^^^^^^^^^^^^^^^^^
    | sqlite3.InterfaceError: bad parameter or other API misuse
    +------------------------------------

The above exception was the direct cause of the following exception:

Traceback (most recent call last):
  File "C:\Users\Administrator\AppData\Local\Programs\Python\Python312\Lib\site-packages\uvicorn\protocols\http\h11_impl.py", line 411, in run_asgi
    result = await app(  # type: ignore[func-returns-value]
             ^^^^^^^^^^^^^^^^^^^^^^^^^^^^^^^^^^^^^^^^^^^^^^
  File "C:\Users\Administrator\AppData\Local\Programs\Python\Python312\Lib\site-packages\uvicorn\middleware\proxy_headers.py", line 63, in __call__
    return await self.app(scope, receive, send)
           ^^^^^^^^^^^^^^^^^^^^^^^^^^^^^^^^^^^^
  File "C:\Users\Administrator\AppData\Local\Programs\Python\Python312\Lib\site-packages\fastapi\applications.py", line 1163, in __call__
    await super().__call__(scope, receive, send)
  File "C:\Users\Administrator\AppData\Local\Programs\Python\Python312\Lib\site-packages\starlette\applications.py", line 96, in __call__
    await self.middleware_stack(scope, receive, send)
  File "C:\Users\Administrator\AppData\Local\Programs\Python\Python312\Lib\site-packages\starlette\middleware\errors.py", line 186, in __call__
    raise exc
  File "C:\Users\Administrator\AppData\Local\Programs\Python\Python312\Lib\site-packages\starlette\middleware\errors.py", line 164, in __call__
    await self.app(scope, receive, _send)
  File "C:\Users\Administrator\AppData\Local\Programs\Python\Python312\Lib\site-packages\starlette\middleware\base.py", line 193, in __call__
    response = await self.dispatch_func(request, call_next)
               ^^^^^^^^^^^^^^^^^^^^^^^^^^^^^^^^^^^^^^^^^^^^
  File "E:\Soft\倪海夏三套学习系统\finalhopes-Learning-System\web_app\server.py", line 1556, in _ensure_data_middleware
    return await call_next(request)
           ^^^^^^^^^^^^^^^^^^^^^^^^
  File "C:\Users\Administrator\AppData\Local\Programs\Python\Python312\Lib\site-packages\starlette\middleware\base.py", line 168, in call_next
    raise app_exc from app_exc.__cause__ or app_exc.__context__
  File "C:\Users\Administrator\AppData\Local\Programs\Python\Python312\Lib\site-packages\starlette\middleware\base.py", line 144, in coro
    await self.app(scope, receive_or_disconnect, send_no_error)
  File "C:\Users\Administrator\AppData\Local\Programs\Python\Python312\Lib\site-packages\starlette\middleware\base.py", line 193, in __call__
    response = await self.dispatch_func(request, call_next)
               ^^^^^^^^^^^^^^^^^^^^^^^^^^^^^^^^^^^^^^^^^^^^
  File "E:\Soft\倪海夏三套学习系统\finalhopes-Learning-System\web_app\server.py", line 1537, in _security_middleware
    return await call_next(request)
           ^^^^^^^^^^^^^^^^^^^^^^^^
  File "C:\Users\Administrator\AppData\Local\Programs\Python\Python312\Lib\site-packages\starlette\middleware\base.py", line 168, in call_next
    raise app_exc from app_exc.__cause__ or app_exc.__context__
  File "C:\Users\Administrator\AppData\Local\Programs\Python\Python312\Lib\site-packages\starlette\middleware\base.py", line 144, in coro
    await self.app(scope, receive_or_disconnect, send_no_error)
  File "C:\Users\Administrator\AppData\Local\Programs\Python\Python312\Lib\site-packages\starlette\middleware\exceptions.py", line 63, in __call__
    await wrap_app_handling_exceptions(self.app, conn)(scope, receive, send)
  File "C:\Users\Administrator\AppData\Local\Programs\Python\Python312\Lib\site-packages\starlette\_exception_handler.py", line 53, in wrapped_app
    raise exc
  File "C:\Users\Administrator\AppData\Local\Programs\Python\Python312\Lib\site-packages\starlette\_exception_handler.py", line 42, in wrapped_app
    await app(scope, receive, sender)
  File "C:\Users\Administrator\AppData\Local\Programs\Python\Python312\Lib\site-packages\fastapi\middleware\asyncexitstack.py", line 18, in __call__
    await self.app(scope, receive, send)
  File "C:\Users\Administrator\AppData\Local\Programs\Python\Python312\Lib\site-packages\starlette\routing.py", line 670, in __call__
    await self.middleware_stack(scope, receive, send)
  File "C:\Users\Administrator\AppData\Local\Programs\Python\Python312\Lib\site-packages\fastapi\routing.py", line 2734, in app
    await route.handle(scope, receive, send)
  File "C:\Users\Administrator\AppData\Local\Programs\Python\Python312\Lib\site-packages\fastapi\routing.py", line 1281, in handle
    await super().handle(scope, receive, send)
  File "C:\Users\Administrator\AppData\Local\Programs\Python\Python312\Lib\site-packages\starlette\routing.py", line 280, in handle
    await self.app(scope, receive, send)
  File "C:\Users\Administrator\AppData\Local\Programs\Python\Python312\Lib\site-packages\fastapi\routing.py", line 158, in app
    await wrap_app_handling_exceptions(app, request)(scope, receive, send)
  File "C:\Users\Administrator\AppData\Local\Programs\Python\Python312\Lib\site-packages\starlette\_exception_handler.py", line 53, in wrapped_app
    raise exc
  File "C:\Users\Administrator\AppData\Local\Programs\Python\Python312\Lib\site-packages\starlette\_exception_handler.py", line 42, in wrapped_app
    await app(scope, receive, sender)
  File "C:\Users\Administrator\AppData\Local\Programs\Python\Python312\Lib\site-packages\fastapi\routing.py", line 144, in app
    response = await f(request)
               ^^^^^^^^^^^^^^^^
  File "C:\Users\Administrator\AppData\Local\Programs\Python\Python312\Lib\site-packages\fastapi\routing.py", line 706, in app
    raw_response = await run_endpoint_function(
                   ^^^^^^^^^^^^^^^^^^^^^^^^^^^^
  File "C:\Users\Administrator\AppData\Local\Programs\Python\Python312\Lib\site-packages\fastapi\routing.py", line 354, in run_endpoint_function
    return await run_in_threadpool(dependant.call, **values)
           ^^^^^^^^^^^^^^^^^^^^^^^^^^^^^^^^^^^^^^^^^^^^^^^^^
  File "C:\Users\Administrator\AppData\Local\Programs\Python\Python312\Lib\site-packages\starlette\concurrency.py", line 34, in run_in_threadpool
    return await anyio.to_thread.run_sync(func)
           ^^^^^^^^^^^^^^^^^^^^^^^^^^^^^^^^^^^^
  File "C:\Users\Administrator\AppData\Local\Programs\Python\Python312\Lib\site-packages\anyio\to_thread.py", line 65, in run_sync
    return await get_async_backend().run_sync_in_worker_thread(
           ^^^^^^^^^^^^^^^^^^^^^^^^^^^^^^^^^^^^^^^^^^^^^^^^^^^^
  File "C:\Users\Administrator\AppData\Local\Programs\Python\Python312\Lib\site-packages\anyio\_backends\_asyncio.py", line 2641, in run_sync_in_worker_thread
    return await future
           ^^^^^^^^^^^^
  File "C:\Users\Administrator\AppData\Local\Programs\Python\Python312\Lib\site-packages\anyio\_backends\_asyncio.py", line 1033, in run
    result = context.run(func, *args)
             ^^^^^^^^^^^^^^^^^^^^^^^^
  File "E:\Soft\倪海夏三套学习系统\finalhopes-Learning-System\web_app\server.py", line 1412, in serve_img
    row = db.execute("SELECT data, mime FROM images WHERE name=?", (key,)).fetchone()
          ^^^^^^^^^^^^^^^^^^^^^^^^^^^^^^^^^^^^^^^^^^^^^^^^^^^^^^^^^^^^^^^^
sqlite3.InterfaceError: bad parameter or other API misuse
ERROR:    Exception in ASGI application
  + Exception Group Traceback (most recent call last):
  |   File "C:\Users\Administrator\AppData\Local\Programs\Python\Python312\Lib\site-packages\starlette\_utils.py", line 85, in create_collapsing_task_group
  |     async with anyio.create_task_group() as tg:
  |   File "C:\Users\Administrator\AppData\Local\Programs\Python\Python312\Lib\site-packages\anyio\_backends\_asyncio.py", line 815, in __aexit__
  |     raise BaseExceptionGroup(
  | ExceptionGroup: unhandled errors in a TaskGroup (1 sub-exception)
  +-+---------------- 1 ----------------
    | Traceback (most recent call last):
    |   File "C:\Users\Administrator\AppData\Local\Programs\Python\Python312\Lib\site-packages\uvicorn\protocols\http\h11_impl.py", line 411, in run_asgi
    |     result = await app(  # type: ignore[func-returns-value]
    |              ^^^^^^^^^^^^^^^^^^^^^^^^^^^^^^^^^^^^^^^^^^^^^^
    |   File "C:\Users\Administrator\AppData\Local\Programs\Python\Python312\Lib\site-packages\uvicorn\middleware\proxy_headers.py", line 63, in __call__
    |     return await self.app(scope, receive, send)
    |            ^^^^^^^^^^^^^^^^^^^^^^^^^^^^^^^^^^^^
    |   File "C:\Users\Administrator\AppData\Local\Programs\Python\Python312\Lib\site-packages\fastapi\applications.py", line 1163, in __call__
    |     await super().__call__(scope, receive, send)
    |   File "C:\Users\Administrator\AppData\Local\Programs\Python\Python312\Lib\site-packages\starlette\applications.py", line 96, in __call__
    |     await self.middleware_stack(scope, receive, send)
    |   File "C:\Users\Administrator\AppData\Local\Programs\Python\Python312\Lib\site-packages\starlette\middleware\errors.py", line 186, in __call__
    |     raise exc
    |   File "C:\Users\Administrator\AppData\Local\Programs\Python\Python312\Lib\site-packages\starlette\middleware\errors.py", line 164, in __call__
    |     await self.app(scope, receive, _send)
    |   File "C:\Users\Administrator\AppData\Local\Programs\Python\Python312\Lib\site-packages\starlette\middleware\base.py", line 193, in __call__
    |     response = await self.dispatch_func(request, call_next)
    |                ^^^^^^^^^^^^^^^^^^^^^^^^^^^^^^^^^^^^^^^^^^^^
    |   File "E:\Soft\倪海夏三套学习系统\finalhopes-Learning-System\web_app\server.py", line 1556, in _ensure_data_middleware
    |     return await call_next(request)
    |            ^^^^^^^^^^^^^^^^^^^^^^^^
    |   File "C:\Users\Administrator\AppData\Local\Programs\Python\Python312\Lib\site-packages\starlette\middleware\base.py", line 168, in call_next
    |     raise app_exc from app_exc.__cause__ or app_exc.__context__
    |   File "C:\Users\Administrator\AppData\Local\Programs\Python\Python312\Lib\site-packages\starlette\middleware\base.py", line 144, in coro
    |     await self.app(scope, receive_or_disconnect, send_no_error)
    |   File "C:\Users\Administrator\AppData\Local\Programs\Python\Python312\Lib\site-packages\starlette\middleware\base.py", line 193, in __call__
    |     response = await self.dispatch_func(request, call_next)
    |                ^^^^^^^^^^^^^^^^^^^^^^^^^^^^^^^^^^^^^^^^^^^^
    |   File "E:\Soft\倪海夏三套学习系统\finalhopes-Learning-System\web_app\server.py", line 1537, in _security_middleware
    |     return await call_next(request)
    |            ^^^^^^^^^^^^^^^^^^^^^^^^
    |   File "C:\Users\Administrator\AppData\Local\Programs\Python\Python312\Lib\site-packages\starlette\middleware\base.py", line 168, in call_next
    |     raise app_exc from app_exc.__cause__ or app_exc.__context__
    |   File "C:\Users\Administrator\AppData\Local\Programs\Python\Python312\Lib\site-packages\starlette\middleware\base.py", line 144, in coro
    |     await self.app(scope, receive_or_disconnect, send_no_error)
    |   File "C:\Users\Administrator\AppData\Local\Programs\Python\Python312\Lib\site-packages\starlette\middleware\exceptions.py", line 63, in __call__
    |     await wrap_app_handling_exceptions(self.app, conn)(scope, receive, send)
    |   File "C:\Users\Administrator\AppData\Local\Programs\Python\Python312\Lib\site-packages\starlette\_exception_handler.py", line 53, in wrapped_app
    |     raise exc
    |   File "C:\Users\Administrator\AppData\Local\Programs\Python\Python312\Lib\site-packages\starlette\_exception_handler.py", line 42, in wrapped_app
    |     await app(scope, receive, sender)
    |   File "C:\Users\Administrator\AppData\Local\Programs\Python\Python312\Lib\site-packages\fastapi\middleware\asyncexitstack.py", line 18, in __call__
    |     await self.app(scope, receive, send)
    |   File "C:\Users\Administrator\AppData\Local\Programs\Python\Python312\Lib\site-packages\starlette\routing.py", line 670, in __call__
    |     await self.middleware_stack(scope, receive, send)
    |   File "C:\Users\Administrator\AppData\Local\Programs\Python\Python312\Lib\site-packages\fastapi\routing.py", line 2734, in app
    |     await route.handle(scope, receive, send)
    |   File "C:\Users\Administrator\AppData\Local\Programs\Python\Python312\Lib\site-packages\fastapi\routing.py", line 1281, in handle
    |     await super().handle(scope, receive, send)
    |   File "C:\Users\Administrator\AppData\Local\Programs\Python\Python312\Lib\site-packages\starlette\routing.py", line 280, in handle
    |     await self.app(scope, receive, send)
    |   File "C:\Users\Administrator\AppData\Local\Programs\Python\Python312\Lib\site-packages\fastapi\routing.py", line 158, in app
    |     await wrap_app_handling_exceptions(app, request)(scope, receive, send)
    |   File "C:\Users\Administrator\AppData\Local\Programs\Python\Python312\Lib\site-packages\starlette\_exception_handler.py", line 53, in wrapped_app
    |     raise exc
    |   File "C:\Users\Administrator\AppData\Local\Programs\Python\Python312\Lib\site-packages\starlette\_exception_handler.py", line 42, in wrapped_app
    |     await app(scope, receive, sender)
    |   File "C:\Users\Administrator\AppData\Local\Programs\Python\Python312\Lib\site-packages\fastapi\routing.py", line 144, in app
    |     response = await f(request)
    |                ^^^^^^^^^^^^^^^^
    |   File "C:\Users\Administrator\AppData\Local\Programs\Python\Python312\Lib\site-packages\fastapi\routing.py", line 706, in app
    |     raw_response = await run_endpoint_function(
    |                    ^^^^^^^^^^^^^^^^^^^^^^^^^^^^
    |   File "C:\Users\Administrator\AppData\Local\Programs\Python\Python312\Lib\site-packages\fastapi\routing.py", line 354, in run_endpoint_function
    |     return await run_in_threadpool(dependant.call, **values)
    |            ^^^^^^^^^^^^^^^^^^^^^^^^^^^^^^^^^^^^^^^^^^^^^^^^^
    |   File "C:\Users\Administrator\AppData\Local\Programs\Python\Python312\Lib\site-packages\starlette\concurrency.py", line 34, in run_in_threadpool
    |     return await anyio.to_thread.run_sync(func)
    |            ^^^^^^^^^^^^^^^^^^^^^^^^^^^^^^^^^^^^
    |   File "C:\Users\Administrator\AppData\Local\Programs\Python\Python312\Lib\site-packages\anyio\to_thread.py", line 65, in run_sync
    |     return await get_async_backend().run_sync_in_worker_thread(
    |            ^^^^^^^^^^^^^^^^^^^^^^^^^^^^^^^^^^^^^^^^^^^^^^^^^^^^
    |   File "C:\Users\Administrator\AppData\Local\Programs\Python\Python312\Lib\site-packages\anyio\_backends\_asyncio.py", line 2641, in run_sync_in_worker_thread
    |     return await future
    |            ^^^^^^^^^^^^
    |   File "C:\Users\Administrator\AppData\Local\Programs\Python\Python312\Lib\site-packages\anyio\_backends\_asyncio.py", line 1033, in run
    |     result = context.run(func, *args)
    |              ^^^^^^^^^^^^^^^^^^^^^^^^
    |   File "E:\Soft\倪海夏三套学习系统\finalhopes-Learning-System\web_app\server.py", line 1412, in serve_img
    |     row = db.execute("SELECT data, mime FROM images WHERE name=?", (key,)).fetchone()
    |           ^^^^^^^^^^^^^^^^^^^^^^^^^^^^^^^^^^^^^^^^^^^^^^^^^^^^^^^^^^^^^^^^
    | sqlite3.InterfaceError: bad parameter or other API misuse
    +------------------------------------

The above exception was the direct cause of the following exception:

Traceback (most recent call last):
  File "C:\Users\Administrator\AppData\Local\Programs\Python\Python312\Lib\site-packages\uvicorn\protocols\http\h11_impl.py", line 411, in run_asgi
    result = await app(  # type: ignore[func-returns-value]
             ^^^^^^^^^^^^^^^^^^^^^^^^^^^^^^^^^^^^^^^^^^^^^^
  File "C:\Users\Administrator\AppData\Local\Programs\Python\Python312\Lib\site-packages\uvicorn\middleware\proxy_headers.py", line 63, in __call__
    return await self.app(scope, receive, send)
           ^^^^^^^^^^^^^^^^^^^^^^^^^^^^^^^^^^^^
  File "C:\Users\Administrator\AppData\Local\Programs\Python\Python312\Lib\site-packages\fastapi\applications.py", line 1163, in __call__
    await super().__call__(scope, receive, send)
  File "C:\Users\Administrator\AppData\Local\Programs\Python\Python312\Lib\site-packages\starlette\applications.py", line 96, in __call__
    await self.middleware_stack(scope, receive, send)
  File "C:\Users\Administrator\AppData\Local\Programs\Python\Python312\Lib\site-packages\starlette\middleware\errors.py", line 186, in __call__
    raise exc
  File "C:\Users\Administrator\AppData\Local\Programs\Python\Python312\Lib\site-packages\starlette\middleware\errors.py", line 164, in __call__
    await self.app(scope, receive, _send)
  File "C:\Users\Administrator\AppData\Local\Programs\Python\Python312\Lib\site-packages\starlette\middleware\base.py", line 193, in __call__
    response = await self.dispatch_func(request, call_next)
               ^^^^^^^^^^^^^^^^^^^^^^^^^^^^^^^^^^^^^^^^^^^^
  File "E:\Soft\倪海夏三套学习系统\finalhopes-Learning-System\web_app\server.py", line 1556, in _ensure_data_middleware
    return await call_next(request)
           ^^^^^^^^^^^^^^^^^^^^^^^^
  File "C:\Users\Administrator\AppData\Local\Programs\Python\Python312\Lib\site-packages\starlette\middleware\base.py", line 168, in call_next
    raise app_exc from app_exc.__cause__ or app_exc.__context__
  File "C:\Users\Administrator\AppData\Local\Programs\Python\Python312\Lib\site-packages\starlette\middleware\base.py", line 144, in coro
    await self.app(scope, receive_or_disconnect, send_no_error)
  File "C:\Users\Administrator\AppData\Local\Programs\Python\Python312\Lib\site-packages\starlette\middleware\base.py", line 193, in __call__
    response = await self.dispatch_func(request, call_next)
               ^^^^^^^^^^^^^^^^^^^^^^^^^^^^^^^^^^^^^^^^^^^^
  File "E:\Soft\倪海夏三套学习系统\finalhopes-Learning-System\web_app\server.py", line 1537, in _security_middleware
    return await call_next(request)
           ^^^^^^^^^^^^^^^^^^^^^^^^
  File "C:\Users\Administrator\AppData\Local\Programs\Python\Python312\Lib\site-packages\starlette\middleware\base.py", line 168, in call_next
    raise app_exc from app_exc.__cause__ or app_exc.__context__
  File "C:\Users\Administrator\AppData\Local\Programs\Python\Python312\Lib\site-packages\starlette\middleware\base.py", line 144, in coro
    await self.app(scope, receive_or_disconnect, send_no_error)
  File "C:\Users\Administrator\AppData\Local\Programs\Python\Python312\Lib\site-packages\starlette\middleware\exceptions.py", line 63, in __call__
    await wrap_app_handling_exceptions(self.app, conn)(scope, receive, send)
  File "C:\Users\Administrator\AppData\Local\Programs\Python\Python312\Lib\site-packages\starlette\_exception_handler.py", line 53, in wrapped_app
    raise exc
  File "C:\Users\Administrator\AppData\Local\Programs\Python\Python312\Lib\site-packages\starlette\_exception_handler.py", line 42, in wrapped_app
    await app(scope, receive, sender)
  File "C:\Users\Administrator\AppData\Local\Programs\Python\Python312\Lib\site-packages\fastapi\middleware\asyncexitstack.py", line 18, in __call__
    await self.app(scope, receive, send)
  File "C:\Users\Administrator\AppData\Local\Programs\Python\Python312\Lib\site-packages\starlette\routing.py", line 670, in __call__
    await self.middleware_stack(scope, receive, send)
  File "C:\Users\Administrator\AppData\Local\Programs\Python\Python312\Lib\site-packages\fastapi\routing.py", line 2734, in app
    await route.handle(scope, receive, send)
  File "C:\Users\Administrator\AppData\Local\Programs\Python\Python312\Lib\site-packages\fastapi\routing.py", line 1281, in handle
    await super().handle(scope, receive, send)
  File "C:\Users\Administrator\AppData\Local\Programs\Python\Python312\Lib\site-packages\starlette\routing.py", line 280, in handle
    await self.app(scope, receive, send)
  File "C:\Users\Administrator\AppData\Local\Programs\Python\Python312\Lib\site-packages\fastapi\routing.py", line 158, in app
    await wrap_app_handling_exceptions(app, request)(scope, receive, send)
  File "C:\Users\Administrator\AppData\Local\Programs\Python\Python312\Lib\site-packages\starlette\_exception_handler.py", line 53, in wrapped_app
    raise exc
  File "C:\Users\Administrator\AppData\Local\Programs\Python\Python312\Lib\site-packages\starlette\_exception_handler.py", line 42, in wrapped_app
    await app(scope, receive, sender)
  File "C:\Users\Administrator\AppData\Local\Programs\Python\Python312\Lib\site-packages\fastapi\routing.py", line 144, in app
    response = await f(request)
               ^^^^^^^^^^^^^^^^
  File "C:\Users\Administrator\AppData\Local\Programs\Python\Python312\Lib\site-packages\fastapi\routing.py", line 706, in app
    raw_response = await run_endpoint_function(
                   ^^^^^^^^^^^^^^^^^^^^^^^^^^^^
  File "C:\Users\Administrator\AppData\Local\Programs\Python\Python312\Lib\site-packages\fastapi\routing.py", line 354, in run_endpoint_function
    return await run_in_threadpool(dependant.call, **values)
           ^^^^^^^^^^^^^^^^^^^^^^^^^^^^^^^^^^^^^^^^^^^^^^^^^
  File "C:\Users\Administrator\AppData\Local\Programs\Python\Python312\Lib\site-packages\starlette\concurrency.py", line 34, in run_in_threadpool
    return await anyio.to_thread.run_sync(func)
           ^^^^^^^^^^^^^^^^^^^^^^^^^^^^^^^^^^^^
  File "C:\Users\Administrator\AppData\Local\Programs\Python\Python312\Lib\site-packages\anyio\to_thread.py", line 65, in run_sync
    return await get_async_backend().run_sync_in_worker_thread(
           ^^^^^^^^^^^^^^^^^^^^^^^^^^^^^^^^^^^^^^^^^^^^^^^^^^^^
  File "C:\Users\Administrator\AppData\Local\Programs\Python\Python312\Lib\site-packages\anyio\_backends\_asyncio.py", line 2641, in run_sync_in_worker_thread
    return await future
           ^^^^^^^^^^^^
  File "C:\Users\Administrator\AppData\Local\Programs\Python\Python312\Lib\site-packages\anyio\_backends\_asyncio.py", line 1033, in run
    result = context.run(func, *args)
             ^^^^^^^^^^^^^^^^^^^^^^^^
  File "E:\Soft\倪海夏三套学习系统\finalhopes-Learning-System\web_app\server.py", line 1412, in serve_img
    row = db.execute("SELECT data, mime FROM images WHERE name=?", (key,)).fetchone()
          ^^^^^^^^^^^^^^^^^^^^^^^^^^^^^^^^^^^^^^^^^^^^^^^^^^^^^^^^^^^^^^^^
sqlite3.InterfaceError: bad parameter or other API misuse
ERROR:    Exception in ASGI application
  + Exception Group Traceback (most recent call last):
  |   File "C:\Users\Administrator\AppData\Local\Programs\Python\Python312\Lib\site-packages\starlette\_utils.py", line 85, in create_collapsing_task_group
  |     async with anyio.create_task_group() as tg:
  |   File "C:\Users\Administrator\AppData\Local\Programs\Python\Python312\Lib\site-packages\anyio\_backends\_asyncio.py", line 815, in __aexit__
  |     raise BaseExceptionGroup(
  | ExceptionGroup: unhandled errors in a TaskGroup (1 sub-exception)
  +-+---------------- 1 ----------------
    | Traceback (most recent call last):
    |   File "C:\Users\Administrator\AppData\Local\Programs\Python\Python312\Lib\site-packages\uvicorn\protocols\http\h11_impl.py", line 411, in run_asgi
    |     result = await app(  # type: ignore[func-returns-value]
    |              ^^^^^^^^^^^^^^^^^^^^^^^^^^^^^^^^^^^^^^^^^^^^^^
    |   File "C:\Users\Administrator\AppData\Local\Programs\Python\Python312\Lib\site-packages\uvicorn\middleware\proxy_headers.py", line 63, in __call__
    |     return await self.app(scope, receive, send)
    |            ^^^^^^^^^^^^^^^^^^^^^^^^^^^^^^^^^^^^
    |   File "C:\Users\Administrator\AppData\Local\Programs\Python\Python312\Lib\site-packages\fastapi\applications.py", line 1163, in __call__
    |     await super().__call__(scope, receive, send)
    |   File "C:\Users\Administrator\AppData\Local\Programs\Python\Python312\Lib\site-packages\starlette\applications.py", line 96, in __call__
    |     await self.middleware_stack(scope, receive, send)
    |   File "C:\Users\Administrator\AppData\Local\Programs\Python\Python312\Lib\site-packages\starlette\middleware\errors.py", line 186, in __call__
    |     raise exc
    |   File "C:\Users\Administrator\AppData\Local\Programs\Python\Python312\Lib\site-packages\starlette\middleware\errors.py", line 164, in __call__
    |     await self.app(scope, receive, _send)
    |   File "C:\Users\Administrator\AppData\Local\Programs\Python\Python312\Lib\site-packages\starlette\middleware\base.py", line 193, in __call__
    |     response = await self.dispatch_func(request, call_next)
    |                ^^^^^^^^^^^^^^^^^^^^^^^^^^^^^^^^^^^^^^^^^^^^
    |   File "E:\Soft\倪海夏三套学习系统\finalhopes-Learning-System\web_app\server.py", line 1556, in _ensure_data_middleware
    |     return await call_next(request)
    |            ^^^^^^^^^^^^^^^^^^^^^^^^
    |   File "C:\Users\Administrator\AppData\Local\Programs\Python\Python312\Lib\site-packages\starlette\middleware\base.py", line 168, in call_next
    |     raise app_exc from app_exc.__cause__ or app_exc.__context__
    |   File "C:\Users\Administrator\AppData\Local\Programs\Python\Python312\Lib\site-packages\starlette\middleware\base.py", line 144, in coro
    |     await self.app(scope, receive_or_disconnect, send_no_error)
    |   File "C:\Users\Administrator\AppData\Local\Programs\Python\Python312\Lib\site-packages\starlette\middleware\base.py", line 193, in __call__
    |     response = await self.dispatch_func(request, call_next)
    |                ^^^^^^^^^^^^^^^^^^^^^^^^^^^^^^^^^^^^^^^^^^^^
    |   File "E:\Soft\倪海夏三套学习系统\finalhopes-Learning-System\web_app\server.py", line 1537, in _security_middleware
    |     return await call_next(request)
    |            ^^^^^^^^^^^^^^^^^^^^^^^^
    |   File "C:\Users\Administrator\AppData\Local\Programs\Python\Python312\Lib\site-packages\starlette\middleware\base.py", line 168, in call_next
    |     raise app_exc from app_exc.__cause__ or app_exc.__context__
    |   File "C:\Users\Administrator\AppData\Local\Programs\Python\Python312\Lib\site-packages\starlette\middleware\base.py", line 144, in coro
    |     await self.app(scope, receive_or_disconnect, send_no_error)
    |   File "C:\Users\Administrator\AppData\Local\Programs\Python\Python312\Lib\site-packages\starlette\middleware\exceptions.py", line 63, in __call__
    |     await wrap_app_handling_exceptions(self.app, conn)(scope, receive, send)
    |   File "C:\Users\Administrator\AppData\Local\Programs\Python\Python312\Lib\site-packages\starlette\_exception_handler.py", line 53, in wrapped_app
    |     raise exc
    |   File "C:\Users\Administrator\AppData\Local\Programs\Python\Python312\Lib\site-packages\starlette\_exception_handler.py", line 42, in wrapped_app
    |     await app(scope, receive, sender)
    |   File "C:\Users\Administrator\AppData\Local\Programs\Python\Python312\Lib\site-packages\fastapi\middleware\asyncexitstack.py", line 18, in __call__
    |     await self.app(scope, receive, send)
    |   File "C:\Users\Administrator\AppData\Local\Programs\Python\Python312\Lib\site-packages\starlette\routing.py", line 670, in __call__
    |     await self.middleware_stack(scope, receive, send)
    |   File "C:\Users\Administrator\AppData\Local\Programs\Python\Python312\Lib\site-packages\fastapi\routing.py", line 2734, in app
    |     await route.handle(scope, receive, send)
    |   File "C:\Users\Administrator\AppData\Local\Programs\Python\Python312\Lib\site-packages\fastapi\routing.py", line 1281, in handle
    |     await super().handle(scope, receive, send)
    |   File "C:\Users\Administrator\AppData\Local\Programs\Python\Python312\Lib\site-packages\starlette\routing.py", line 280, in handle
    |     await self.app(scope, receive, send)
    |   File "C:\Users\Administrator\AppData\Local\Programs\Python\Python312\Lib\site-packages\fastapi\routing.py", line 158, in app
    |     await wrap_app_handling_exceptions(app, request)(scope, receive, send)
    |   File "C:\Users\Administrator\AppData\Local\Programs\Python\Python312\Lib\site-packages\starlette\_exception_handler.py", line 53, in wrapped_app
    |     raise exc
    |   File "C:\Users\Administrator\AppData\Local\Programs\Python\Python312\Lib\site-packages\starlette\_exception_handler.py", line 42, in wrapped_app
    |     await app(scope, receive, sender)
    |   File "C:\Users\Administrator\AppData\Local\Programs\Python\Python312\Lib\site-packages\fastapi\routing.py", line 144, in app
    |     response = await f(request)
    |                ^^^^^^^^^^^^^^^^
    |   File "C:\Users\Administrator\AppData\Local\Programs\Python\Python312\Lib\site-packages\fastapi\routing.py", line 706, in app
    |     raw_response = await run_endpoint_function(
    |                    ^^^^^^^^^^^^^^^^^^^^^^^^^^^^
    |   File "C:\Users\Administrator\AppData\Local\Programs\Python\Python312\Lib\site-packages\fastapi\routing.py", line 354, in run_endpoint_function
    |     return await run_in_threadpool(dependant.call, **values)
    |            ^^^^^^^^^^^^^^^^^^^^^^^^^^^^^^^^^^^^^^^^^^^^^^^^^
    |   File "C:\Users\Administrator\AppData\Local\Programs\Python\Python312\Lib\site-packages\starlette\concurrency.py", line 34, in run_in_threadpool
    |     return await anyio.to_thread.run_sync(func)
    |            ^^^^^^^^^^^^^^^^^^^^^^^^^^^^^^^^^^^^
    |   File "C:\Users\Administrator\AppData\Local\Programs\Python\Python312\Lib\site-packages\anyio\to_thread.py", line 65, in run_sync
    |     return await get_async_backend().run_sync_in_worker_thread(
    |            ^^^^^^^^^^^^^^^^^^^^^^^^^^^^^^^^^^^^^^^^^^^^^^^^^^^^
    |   File "C:\Users\Administrator\AppData\Local\Programs\Python\Python312\Lib\site-packages\anyio\_backends\_asyncio.py", line 2641, in run_sync_in_worker_thread
    |     return await future
    |            ^^^^^^^^^^^^
    |   File "C:\Users\Administrator\AppData\Local\Programs\Python\Python312\Lib\site-packages\anyio\_backends\_asyncio.py", line 1033, in run
    |     result = context.run(func, *args)
    |              ^^^^^^^^^^^^^^^^^^^^^^^^
    |   File "E:\Soft\倪海夏三套学习系统\finalhopes-Learning-System\web_app\server.py", line 1412, in serve_img
    |     row = db.execute("SELECT data, mime FROM images WHERE name=?", (key,)).fetchone()
    |           ^^^^^^^^^^^^^^^^^^^^^^^^^^^^^^^^^^^^^^^^^^^^^^^^^^^^^^^^^^^^^^^^
    | sqlite3.InterfaceError: bad parameter or other API misuse
    +------------------------------------

The above exception was the direct cause of the following exception:

Traceback (most recent call last):
  File "C:\Users\Administrator\AppData\Local\Programs\Python\Python312\Lib\site-packages\uvicorn\protocols\http\h11_impl.py", line 411, in run_asgi
    result = await app(  # type: ignore[func-returns-value]
             ^^^^^^^^^^^^^^^^^^^^^^^^^^^^^^^^^^^^^^^^^^^^^^
  File "C:\Users\Administrator\AppData\Local\Programs\Python\Python312\Lib\site-packages\uvicorn\middleware\proxy_headers.py", line 63, in __call__
    return await self.app(scope, receive, send)
           ^^^^^^^^^^^^^^^^^^^^^^^^^^^^^^^^^^^^
  File "C:\Users\Administrator\AppData\Local\Programs\Python\Python312\Lib\site-packages\fastapi\applications.py", line 1163, in __call__
    await super().__call__(scope, receive, send)
  File "C:\Users\Administrator\AppData\Local\Programs\Python\Python312\Lib\site-packages\starlette\applications.py", line 96, in __call__
    await self.middleware_stack(scope, receive, send)
  File "C:\Users\Administrator\AppData\Local\Programs\Python\Python312\Lib\site-packages\starlette\middleware\errors.py", line 186, in __call__
    raise exc
  File "C:\Users\Administrator\AppData\Local\Programs\Python\Python312\Lib\site-packages\starlette\middleware\errors.py", line 164, in __call__
    await self.app(scope, receive, _send)
  File "C:\Users\Administrator\AppData\Local\Programs\Python\Python312\Lib\site-packages\starlette\middleware\base.py", line 193, in __call__
    response = await self.dispatch_func(request, call_next)
               ^^^^^^^^^^^^^^^^^^^^^^^^^^^^^^^^^^^^^^^^^^^^
  File "E:\Soft\倪海夏三套学习系统\finalhopes-Learning-System\web_app\server.py", line 1556, in _ensure_data_middleware
    return await call_next(request)
           ^^^^^^^^^^^^^^^^^^^^^^^^
  File "C:\Users\Administrator\AppData\Local\Programs\Python\Python312\Lib\site-packages\starlette\middleware\base.py", line 168, in call_next
    raise app_exc from app_exc.__cause__ or app_exc.__context__
  File "C:\Users\Administrator\AppData\Local\Programs\Python\Python312\Lib\site-packages\starlette\middleware\base.py", line 144, in coro
    await self.app(scope, receive_or_disconnect, send_no_error)
  File "C:\Users\Administrator\AppData\Local\Programs\Python\Python312\Lib\site-packages\starlette\middleware\base.py", line 193, in __call__
    response = await self.dispatch_func(request, call_next)
               ^^^^^^^^^^^^^^^^^^^^^^^^^^^^^^^^^^^^^^^^^^^^
  File "E:\Soft\倪海夏三套学习系统\finalhopes-Learning-System\web_app\server.py", line 1537, in _security_middleware
    return await call_next(request)
           ^^^^^^^^^^^^^^^^^^^^^^^^
  File "C:\Users\Administrator\AppData\Local\Programs\Python\Python312\Lib\site-packages\starlette\middleware\base.py", line 168, in call_next
    raise app_exc from app_exc.__cause__ or app_exc.__context__
  File "C:\Users\Administrator\AppData\Local\Programs\Python\Python312\Lib\site-packages\starlette\middleware\base.py", line 144, in coro
    await self.app(scope, receive_or_disconnect, send_no_error)
  File "C:\Users\Administrator\AppData\Local\Programs\Python\Python312\Lib\site-packages\starlette\middleware\exceptions.py", line 63, in __call__
    await wrap_app_handling_exceptions(self.app, conn)(scope, receive, send)
  File "C:\Users\Administrator\AppData\Local\Programs\Python\Python312\Lib\site-packages\starlette\_exception_handler.py", line 53, in wrapped_app
    raise exc
  File "C:\Users\Administrator\AppData\Local\Programs\Python\Python312\Lib\site-packages\starlette\_exception_handler.py", line 42, in wrapped_app
    await app(scope, receive, sender)
  File "C:\Users\Administrator\AppData\Local\Programs\Python\Python312\Lib\site-packages\fastapi\middleware\asyncexitstack.py", line 18, in __call__
    await self.app(scope, receive, send)
  File "C:\Users\Administrator\AppData\Local\Programs\Python\Python312\Lib\site-packages\starlette\routing.py", line 670, in __call__
    await self.middleware_stack(scope, receive, send)
  File "C:\Users\Administrator\AppData\Local\Programs\Python\Python312\Lib\site-packages\fastapi\routing.py", line 2734, in app
    await route.handle(scope, receive, send)
  File "C:\Users\Administrator\AppData\Local\Programs\Python\Python312\Lib\site-packages\fastapi\routing.py", line 1281, in handle
    await super().handle(scope, receive, send)
  File "C:\Users\Administrator\AppData\Local\Programs\Python\Python312\Lib\site-packages\starlette\routing.py", line 280, in handle
    await self.app(scope, receive, send)
  File "C:\Users\Administrator\AppData\Local\Programs\Python\Python312\Lib\site-packages\fastapi\routing.py", line 158, in app
    await wrap_app_handling_exceptions(app, request)(scope, receive, send)
  File "C:\Users\Administrator\AppData\Local\Programs\Python\Python312\Lib\site-packages\starlette\_exception_handler.py", line 53, in wrapped_app
    raise exc
  File "C:\Users\Administrator\AppData\Local\Programs\Python\Python312\Lib\site-packages\starlette\_exception_handler.py", line 42, in wrapped_app
    await app(scope, receive, sender)
  File "C:\Users\Administrator\AppData\Local\Programs\Python\Python312\Lib\site-packages\fastapi\routing.py", line 144, in app
    response = await f(request)
               ^^^^^^^^^^^^^^^^
  File "C:\Users\Administrator\AppData\Local\Programs\Python\Python312\Lib\site-packages\fastapi\routing.py", line 706, in app
    raw_response = await run_endpoint_function(
                   ^^^^^^^^^^^^^^^^^^^^^^^^^^^^
  File "C:\Users\Administrator\AppData\Local\Programs\Python\Python312\Lib\site-packages\fastapi\routing.py", line 354, in run_endpoint_function
    return await run_in_threadpool(dependant.call, **values)
           ^^^^^^^^^^^^^^^^^^^^^^^^^^^^^^^^^^^^^^^^^^^^^^^^^
  File "C:\Users\Administrator\AppData\Local\Programs\Python\Python312\Lib\site-packages\starlette\concurrency.py", line 34, in run_in_threadpool
    return await anyio.to_thread.run_sync(func)
           ^^^^^^^^^^^^^^^^^^^^^^^^^^^^^^^^^^^^
  File "C:\Users\Administrator\AppData\Local\Programs\Python\Python312\Lib\site-packages\anyio\to_thread.py", line 65, in run_sync
    return await get_async_backend().run_sync_in_worker_thread(
           ^^^^^^^^^^^^^^^^^^^^^^^^^^^^^^^^^^^^^^^^^^^^^^^^^^^^
  File "C:\Users\Administrator\AppData\Local\Programs\Python\Python312\Lib\site-packages\anyio\_backends\_asyncio.py", line 2641, in run_sync_in_worker_thread
    return await future
           ^^^^^^^^^^^^
  File "C:\Users\Administrator\AppData\Local\Programs\Python\Python312\Lib\site-packages\anyio\_backends\_asyncio.py", line 1033, in run
    result = context.run(func, *args)
             ^^^^^^^^^^^^^^^^^^^^^^^^
  File "E:\Soft\倪海夏三套学习系统\finalhopes-Learning-System\web_app\server.py", line 1412, in serve_img
    row = db.execute("SELECT data, mime FROM images WHERE name=?", (key,)).fetchone()
          ^^^^^^^^^^^^^^^^^^^^^^^^^^^^^^^^^^^^^^^^^^^^^^^^^^^^^^^^^^^^^^^^
sqlite3.InterfaceError: bad parameter or other API misuse
ERROR:    Exception in ASGI application
  + Exception Group Traceback (most recent call last):
  |   File "C:\Users\Administrator\AppData\Local\Programs\Python\Python312\Lib\site-packages\starlette\_utils.py", line 85, in create_collapsing_task_group
  |     async with anyio.create_task_group() as tg:
  |   File "C:\Users\Administrator\AppData\Local\Programs\Python\Python312\Lib\site-packages\anyio\_backends\_asyncio.py", line 815, in __aexit__
  |     raise BaseExceptionGroup(
  | ExceptionGroup: unhandled errors in a TaskGroup (1 sub-exception)
  +-+---------------- 1 ----------------
    | Traceback (most recent call last):
    |   File "C:\Users\Administrator\AppData\Local\Programs\Python\Python312\Lib\site-packages\uvicorn\protocols\http\h11_impl.py", line 411, in run_asgi
    |     result = await app(  # type: ignore[func-returns-value]
    |              ^^^^^^^^^^^^^^^^^^^^^^^^^^^^^^^^^^^^^^^^^^^^^^
    |   File "C:\Users\Administrator\AppData\Local\Programs\Python\Python312\Lib\site-packages\uvicorn\middleware\proxy_headers.py", line 63, in __call__
    |     return await self.app(scope, receive, send)
    |            ^^^^^^^^^^^^^^^^^^^^^^^^^^^^^^^^^^^^
    |   File "C:\Users\Administrator\AppData\Local\Programs\Python\Python312\Lib\site-packages\fastapi\applications.py", line 1163, in __call__
    |     await super().__call__(scope, receive, send)
    |   File "C:\Users\Administrator\AppData\Local\Programs\Python\Python312\Lib\site-packages\starlette\applications.py", line 96, in __call__
    |     await self.middleware_stack(scope, receive, send)
    |   File "C:\Users\Administrator\AppData\Local\Programs\Python\Python312\Lib\site-packages\starlette\middleware\errors.py", line 186, in __call__
    |     raise exc
    |   File "C:\Users\Administrator\AppData\Local\Programs\Python\Python312\Lib\site-packages\starlette\middleware\errors.py", line 164, in __call__
    |     await self.app(scope, receive, _send)
    |   File "C:\Users\Administrator\AppData\Local\Programs\Python\Python312\Lib\site-packages\starlette\middleware\base.py", line 193, in __call__
    |     response = await self.dispatch_func(request, call_next)
    |                ^^^^^^^^^^^^^^^^^^^^^^^^^^^^^^^^^^^^^^^^^^^^
    |   File "E:\Soft\倪海夏三套学习系统\finalhopes-Learning-System\web_app\server.py", line 1556, in _ensure_data_middleware
    |     return await call_next(request)
    |            ^^^^^^^^^^^^^^^^^^^^^^^^
    |   File "C:\Users\Administrator\AppData\Local\Programs\Python\Python312\Lib\site-packages\starlette\middleware\base.py", line 168, in call_next
    |     raise app_exc from app_exc.__cause__ or app_exc.__context__
    |   File "C:\Users\Administrator\AppData\Local\Programs\Python\Python312\Lib\site-packages\starlette\middleware\base.py", line 144, in coro
    |     await self.app(scope, receive_or_disconnect, send_no_error)
    |   File "C:\Users\Administrator\AppData\Local\Programs\Python\Python312\Lib\site-packages\starlette\middleware\base.py", line 193, in __call__
    |     response = await self.dispatch_func(request, call_next)
    |                ^^^^^^^^^^^^^^^^^^^^^^^^^^^^^^^^^^^^^^^^^^^^
    |   File "E:\Soft\倪海夏三套学习系统\finalhopes-Learning-System\web_app\server.py", line 1537, in _security_middleware
    |     return await call_next(request)
    |            ^^^^^^^^^^^^^^^^^^^^^^^^
    |   File "C:\Users\Administrator\AppData\Local\Programs\Python\Python312\Lib\site-packages\starlette\middleware\base.py", line 168, in call_next
    |     raise app_exc from app_exc.__cause__ or app_exc.__context__
    |   File "C:\Users\Administrator\AppData\Local\Programs\Python\Python312\Lib\site-packages\starlette\middleware\base.py", line 144, in coro
    |     await self.app(scope, receive_or_disconnect, send_no_error)
    |   File "C:\Users\Administrator\AppData\Local\Programs\Python\Python312\Lib\site-packages\starlette\middleware\exceptions.py", line 63, in __call__
    |     await wrap_app_handling_exceptions(self.app, conn)(scope, receive, send)
    |   File "C:\Users\Administrator\AppData\Local\Programs\Python\Python312\Lib\site-packages\starlette\_exception_handler.py", line 53, in wrapped_app
    |     raise exc
    |   File "C:\Users\Administrator\AppData\Local\Programs\Python\Python312\Lib\site-packages\starlette\_exception_handler.py", line 42, in wrapped_app
    |     await app(scope, receive, sender)
    |   File "C:\Users\Administrator\AppData\Local\Programs\Python\Python312\Lib\site-packages\fastapi\middleware\asyncexitstack.py", line 18, in __call__
    |     await self.app(scope, receive, send)
    |   File "C:\Users\Administrator\AppData\Local\Programs\Python\Python312\Lib\site-packages\starlette\routing.py", line 670, in __call__
    |     await self.middleware_stack(scope, receive, send)
    |   File "C:\Users\Administrator\AppData\Local\Programs\Python\Python312\Lib\site-packages\fastapi\routing.py", line 2734, in app
    |     await route.handle(scope, receive, send)
    |   File "C:\Users\Administrator\AppData\Local\Programs\Python\Python312\Lib\site-packages\fastapi\routing.py", line 1281, in handle
    |     await super().handle(scope, receive, send)
    |   File "C:\Users\Administrator\AppData\Local\Programs\Python\Python312\Lib\site-packages\starlette\routing.py", line 280, in handle
    |     await self.app(scope, receive, send)
    |   File "C:\Users\Administrator\AppData\Local\Programs\Python\Python312\Lib\site-packages\fastapi\routing.py", line 158, in app
    |     await wrap_app_handling_exceptions(app, request)(scope, receive, send)
    |   File "C:\Users\Administrator\AppData\Local\Programs\Python\Python312\Lib\site-packages\starlette\_exception_handler.py", line 53, in wrapped_app
    |     raise exc
    |   File "C:\Users\Administrator\AppData\Local\Programs\Python\Python312\Lib\site-packages\starlette\_exception_handler.py", line 42, in wrapped_app
    |     await app(scope, receive, sender)
    |   File "C:\Users\Administrator\AppData\Local\Programs\Python\Python312\Lib\site-packages\fastapi\routing.py", line 144, in app
    |     response = await f(request)
    |                ^^^^^^^^^^^^^^^^
    |   File "C:\Users\Administrator\AppData\Local\Programs\Python\Python312\Lib\site-packages\fastapi\routing.py", line 706, in app
    |     raw_response = await run_endpoint_function(
    |                    ^^^^^^^^^^^^^^^^^^^^^^^^^^^^
    |   File "C:\Users\Administrator\AppData\Local\Programs\Python\Python312\Lib\site-packages\fastapi\routing.py", line 354, in run_endpoint_function
    |     return await run_in_threadpool(dependant.call, **values)
    |            ^^^^^^^^^^^^^^^^^^^^^^^^^^^^^^^^^^^^^^^^^^^^^^^^^
    |   File "C:\Users\Administrator\AppData\Local\Programs\Python\Python312\Lib\site-packages\starlette\concurrency.py", line 34, in run_in_threadpool
    |     return await anyio.to_thread.run_sync(func)
    |            ^^^^^^^^^^^^^^^^^^^^^^^^^^^^^^^^^^^^
    |   File "C:\Users\Administrator\AppData\Local\Programs\Python\Python312\Lib\site-packages\anyio\to_thread.py", line 65, in run_sync
    |     return await get_async_backend().run_sync_in_worker_thread(
    |            ^^^^^^^^^^^^^^^^^^^^^^^^^^^^^^^^^^^^^^^^^^^^^^^^^^^^
    |   File "C:\Users\Administrator\AppData\Local\Programs\Python\Python312\Lib\site-packages\anyio\_backends\_asyncio.py", line 2641, in run_sync_in_worker_thread
    |     return await future
    |            ^^^^^^^^^^^^
    |   File "C:\Users\Administrator\AppData\Local\Programs\Python\Python312\Lib\site-packages\anyio\_backends\_asyncio.py", line 1033, in run
    |     result = context.run(func, *args)
    |              ^^^^^^^^^^^^^^^^^^^^^^^^
    |   File "E:\Soft\倪海夏三套学习系统\finalhopes-Learning-System\web_app\server.py", line 1412, in serve_img
    |     row = db.execute("SELECT data, mime FROM images WHERE name=?", (key,)).fetchone()
    |           ^^^^^^^^^^^^^^^^^^^^^^^^^^^^^^^^^^^^^^^^^^^^^^^^^^^^^^^^^^^^^^^^
    | sqlite3.InterfaceError: bad parameter or other API misuse
    +------------------------------------

The above exception was the direct cause of the following exception:

Traceback (most recent call last):
  File "C:\Users\Administrator\AppData\Local\Programs\Python\Python312\Lib\site-packages\uvicorn\protocols\http\h11_impl.py", line 411, in run_asgi
    result = await app(  # type: ignore[func-returns-value]
             ^^^^^^^^^^^^^^^^^^^^^^^^^^^^^^^^^^^^^^^^^^^^^^
  File "C:\Users\Administrator\AppData\Local\Programs\Python\Python312\Lib\site-packages\uvicorn\middleware\proxy_headers.py", line 63, in __call__
    return await self.app(scope, receive, send)
           ^^^^^^^^^^^^^^^^^^^^^^^^^^^^^^^^^^^^
  File "C:\Users\Administrator\AppData\Local\Programs\Python\Python312\Lib\site-packages\fastapi\applications.py", line 1163, in __call__
    await super().__call__(scope, receive, send)
  File "C:\Users\Administrator\AppData\Local\Programs\Python\Python312\Lib\site-packages\starlette\applications.py", line 96, in __call__
    await self.middleware_stack(scope, receive, send)
  File "C:\Users\Administrator\AppData\Local\Programs\Python\Python312\Lib\site-packages\starlette\middleware\errors.py", line 186, in __call__
    raise exc
  File "C:\Users\Administrator\AppData\Local\Programs\Python\Python312\Lib\site-packages\starlette\middleware\errors.py", line 164, in __call__
    await self.app(scope, receive, _send)
  File "C:\Users\Administrator\AppData\Local\Programs\Python\Python312\Lib\site-packages\starlette\middleware\base.py", line 193, in __call__
    response = await self.dispatch_func(request, call_next)
               ^^^^^^^^^^^^^^^^^^^^^^^^^^^^^^^^^^^^^^^^^^^^
  File "E:\Soft\倪海夏三套学习系统\finalhopes-Learning-System\web_app\server.py", line 1556, in _ensure_data_middleware
    return await call_next(request)
           ^^^^^^^^^^^^^^^^^^^^^^^^
  File "C:\Users\Administrator\AppData\Local\Programs\Python\Python312\Lib\site-packages\starlette\middleware\base.py", line 168, in call_next
    raise app_exc from app_exc.__cause__ or app_exc.__context__
  File "C:\Users\Administrator\AppData\Local\Programs\Python\Python312\Lib\site-packages\starlette\middleware\base.py", line 144, in coro
    await self.app(scope, receive_or_disconnect, send_no_error)
  File "C:\Users\Administrator\AppData\Local\Programs\Python\Python312\Lib\site-packages\starlette\middleware\base.py", line 193, in __call__
    response = await self.dispatch_func(request, call_next)
               ^^^^^^^^^^^^^^^^^^^^^^^^^^^^^^^^^^^^^^^^^^^^
  File "E:\Soft\倪海夏三套学习系统\finalhopes-Learning-System\web_app\server.py", line 1537, in _security_middleware
    return await call_next(request)
           ^^^^^^^^^^^^^^^^^^^^^^^^
  File "C:\Users\Administrator\AppData\Local\Programs\Python\Python312\Lib\site-packages\starlette\middleware\base.py", line 168, in call_next
    raise app_exc from app_exc.__cause__ or app_exc.__context__
  File "C:\Users\Administrator\AppData\Local\Programs\Python\Python312\Lib\site-packages\starlette\middleware\base.py", line 144, in coro
    await self.app(scope, receive_or_disconnect, send_no_error)
  File "C:\Users\Administrator\AppData\Local\Programs\Python\Python312\Lib\site-packages\starlette\middleware\exceptions.py", line 63, in __call__
    await wrap_app_handling_exceptions(self.app, conn)(scope, receive, send)
  File "C:\Users\Administrator\AppData\Local\Programs\Python\Python312\Lib\site-packages\starlette\_exception_handler.py", line 53, in wrapped_app
    raise exc
  File "C:\Users\Administrator\AppData\Local\Programs\Python\Python312\Lib\site-packages\starlette\_exception_handler.py", line 42, in wrapped_app
    await app(scope, receive, sender)
  File "C:\Users\Administrator\AppData\Local\Programs\Python\Python312\Lib\site-packages\fastapi\middleware\asyncexitstack.py", line 18, in __call__
    await self.app(scope, receive, send)
  File "C:\Users\Administrator\AppData\Local\Programs\Python\Python312\Lib\site-packages\starlette\routing.py", line 670, in __call__
    await self.middleware_stack(scope, receive, send)
  File "C:\Users\Administrator\AppData\Local\Programs\Python\Python312\Lib\site-packages\fastapi\routing.py", line 2734, in app
    await route.handle(scope, receive, send)
  File "C:\Users\Administrator\AppData\Local\Programs\Python\Python312\Lib\site-packages\fastapi\routing.py", line 1281, in handle
    await super().handle(scope, receive, send)
  File "C:\Users\Administrator\AppData\Local\Programs\Python\Python312\Lib\site-packages\starlette\routing.py", line 280, in handle
    await self.app(scope, receive, send)
  File "C:\Users\Administrator\AppData\Local\Programs\Python\Python312\Lib\site-packages\fastapi\routing.py", line 158, in app
    await wrap_app_handling_exceptions(app, request)(scope, receive, send)
  File "C:\Users\Administrator\AppData\Local\Programs\Python\Python312\Lib\site-packages\starlette\_exception_handler.py", line 53, in wrapped_app
    raise exc
  File "C:\Users\Administrator\AppData\Local\Programs\Python\Python312\Lib\site-packages\starlette\_exception_handler.py", line 42, in wrapped_app
    await app(scope, receive, sender)
  File "C:\Users\Administrator\AppData\Local\Programs\Python\Python312\Lib\site-packages\fastapi\routing.py", line 144, in app
    response = await f(request)
               ^^^^^^^^^^^^^^^^
  File "C:\Users\Administrator\AppData\Local\Programs\Python\Python312\Lib\site-packages\fastapi\routing.py", line 706, in app
    raw_response = await run_endpoint_function(
                   ^^^^^^^^^^^^^^^^^^^^^^^^^^^^
  File "C:\Users\Administrator\AppData\Local\Programs\Python\Python312\Lib\site-packages\fastapi\routing.py", line 354, in run_endpoint_function
    return await run_in_threadpool(dependant.call, **values)
           ^^^^^^^^^^^^^^^^^^^^^^^^^^^^^^^^^^^^^^^^^^^^^^^^^
  File "C:\Users\Administrator\AppData\Local\Programs\Python\Python312\Lib\site-packages\starlette\concurrency.py", line 34, in run_in_threadpool
    return await anyio.to_thread.run_sync(func)
           ^^^^^^^^^^^^^^^^^^^^^^^^^^^^^^^^^^^^
  File "C:\Users\Administrator\AppData\Local\Programs\Python\Python312\Lib\site-packages\anyio\to_thread.py", line 65, in run_sync
    return await get_async_backend().run_sync_in_worker_thread(
           ^^^^^^^^^^^^^^^^^^^^^^^^^^^^^^^^^^^^^^^^^^^^^^^^^^^^
  File "C:\Users\Administrator\AppData\Local\Programs\Python\Python312\Lib\site-packages\anyio\_backends\_asyncio.py", line 2641, in run_sync_in_worker_thread
    return await future
           ^^^^^^^^^^^^
  File "C:\Users\Administrator\AppData\Local\Programs\Python\Python312\Lib\site-packages\anyio\_backends\_asyncio.py", line 1033, in run
    result = context.run(func, *args)
             ^^^^^^^^^^^^^^^^^^^^^^^^
  File "E:\Soft\倪海夏三套学习系统\finalhopes-Learning-System\web_app\server.py", line 1412, in serve_img
    row = db.execute("SELECT data, mime FROM images WHERE name=?", (key,)).fetchone()
          ^^^^^^^^^^^^^^^^^^^^^^^^^^^^^^^^^^^^^^^^^^^^^^^^^^^^^^^^^^^^^^^^
sqlite3.InterfaceError: bad parameter or other API misuse
ERROR:    Exception in ASGI application
  + Exception Group Traceback (most recent call last):
  |   File "C:\Users\Administrator\AppData\Local\Programs\Python\Python312\Lib\site-packages\starlette\_utils.py", line 85, in create_collapsing_task_group
  |     async with anyio.create_task_group() as tg:
  |   File "C:\Users\Administrator\AppData\Local\Programs\Python\Python312\Lib\site-packages\anyio\_backends\_asyncio.py", line 815, in __aexit__
  |     raise BaseExceptionGroup(
  | ExceptionGroup: unhandled errors in a TaskGroup (1 sub-exception)
  +-+---------------- 1 ----------------
    | Traceback (most recent call last):
    |   File "C:\Users\Administrator\AppData\Local\Programs\Python\Python312\Lib\site-packages\uvicorn\protocols\http\h11_impl.py", line 411, in run_asgi
    |     result = await app(  # type: ignore[func-returns-value]
    |              ^^^^^^^^^^^^^^^^^^^^^^^^^^^^^^^^^^^^^^^^^^^^^^
    |   File "C:\Users\Administrator\AppData\Local\Programs\Python\Python312\Lib\site-packages\uvicorn\middleware\proxy_headers.py", line 63, in __call__
    |     return await self.app(scope, receive, send)
    |            ^^^^^^^^^^^^^^^^^^^^^^^^^^^^^^^^^^^^
    |   File "C:\Users\Administrator\AppData\Local\Programs\Python\Python312\Lib\site-packages\fastapi\applications.py", line 1163, in __call__
    |     await super().__call__(scope, receive, send)
    |   File "C:\Users\Administrator\AppData\Local\Programs\Python\Python312\Lib\site-packages\starlette\applications.py", line 96, in __call__
    |     await self.middleware_stack(scope, receive, send)
    |   File "C:\Users\Administrator\AppData\Local\Programs\Python\Python312\Lib\site-packages\starlette\middleware\errors.py", line 186, in __call__
    |     raise exc
    |   File "C:\Users\Administrator\AppData\Local\Programs\Python\Python312\Lib\site-packages\starlette\middleware\errors.py", line 164, in __call__
    |     await self.app(scope, receive, _send)
    |   File "C:\Users\Administrator\AppData\Local\Programs\Python\Python312\Lib\site-packages\starlette\middleware\base.py", line 193, in __call__
    |     response = await self.dispatch_func(request, call_next)
    |                ^^^^^^^^^^^^^^^^^^^^^^^^^^^^^^^^^^^^^^^^^^^^
    |   File "E:\Soft\倪海夏三套学习系统\finalhopes-Learning-System\web_app\server.py", line 1556, in _ensure_data_middleware
    |     return await call_next(request)
    |            ^^^^^^^^^^^^^^^^^^^^^^^^
    |   File "C:\Users\Administrator\AppData\Local\Programs\Python\Python312\Lib\site-packages\starlette\middleware\base.py", line 168, in call_next
    |     raise app_exc from app_exc.__cause__ or app_exc.__context__
    |   File "C:\Users\Administrator\AppData\Local\Programs\Python\Python312\Lib\site-packages\starlette\middleware\base.py", line 144, in coro
    |     await self.app(scope, receive_or_disconnect, send_no_error)
    |   File "C:\Users\Administrator\AppData\Local\Programs\Python\Python312\Lib\site-packages\starlette\middleware\base.py", line 193, in __call__
    |     response = await self.dispatch_func(request, call_next)
    |                ^^^^^^^^^^^^^^^^^^^^^^^^^^^^^^^^^^^^^^^^^^^^
    |   File "E:\Soft\倪海夏三套学习系统\finalhopes-Learning-System\web_app\server.py", line 1537, in _security_middleware
    |     return await call_next(request)
    |            ^^^^^^^^^^^^^^^^^^^^^^^^
    |   File "C:\Users\Administrator\AppData\Local\Programs\Python\Python312\Lib\site-packages\starlette\middleware\base.py", line 168, in call_next
    |     raise app_exc from app_exc.__cause__ or app_exc.__context__
    |   File "C:\Users\Administrator\AppData\Local\Programs\Python\Python312\Lib\site-packages\starlette\middleware\base.py", line 144, in coro
    |     await self.app(scope, receive_or_disconnect, send_no_error)
    |   File "C:\Users\Administrator\AppData\Local\Programs\Python\Python312\Lib\site-packages\starlette\middleware\exceptions.py", line 63, in __call__
    |     await wrap_app_handling_exceptions(self.app, conn)(scope, receive, send)
    |   File "C:\Users\Administrator\AppData\Local\Programs\Python\Python312\Lib\site-packages\starlette\_exception_handler.py", line 53, in wrapped_app
    |     raise exc
    |   File "C:\Users\Administrator\AppData\Local\Programs\Python\Python312\Lib\site-packages\starlette\_exception_handler.py", line 42, in wrapped_app
    |     await app(scope, receive, sender)
    |   File "C:\Users\Administrator\AppData\Local\Programs\Python\Python312\Lib\site-packages\fastapi\middleware\asyncexitstack.py", line 18, in __call__
    |     await self.app(scope, receive, send)
    |   File "C:\Users\Administrator\AppData\Local\Programs\Python\Python312\Lib\site-packages\starlette\routing.py", line 670, in __call__
    |     await self.middleware_stack(scope, receive, send)
    |   File "C:\Users\Administrator\AppData\Local\Programs\Python\Python312\Lib\site-packages\fastapi\routing.py", line 2734, in app
    |     await route.handle(scope, receive, send)
    |   File "C:\Users\Administrator\AppData\Local\Programs\Python\Python312\Lib\site-packages\fastapi\routing.py", line 1281, in handle
    |     await super().handle(scope, receive, send)
    |   File "C:\Users\Administrator\AppData\Local\Programs\Python\Python312\Lib\site-packages\starlette\routing.py", line 280, in handle
    |     await self.app(scope, receive, send)
    |   File "C:\Users\Administrator\AppData\Local\Programs\Python\Python312\Lib\site-packages\fastapi\routing.py", line 158, in app
    |     await wrap_app_handling_exceptions(app, request)(scope, receive, send)
    |   File "C:\Users\Administrator\AppData\Local\Programs\Python\Python312\Lib\site-packages\starlette\_exception_handler.py", line 53, in wrapped_app
    |     raise exc
    |   File "C:\Users\Administrator\AppData\Local\Programs\Python\Python312\Lib\site-packages\starlette\_exception_handler.py", line 42, in wrapped_app
    |     await app(scope, receive, sender)
    |   File "C:\Users\Administrator\AppData\Local\Programs\Python\Python312\Lib\site-packages\fastapi\routing.py", line 144, in app
    |     response = await f(request)
    |                ^^^^^^^^^^^^^^^^
    |   File "C:\Users\Administrator\AppData\Local\Programs\Python\Python312\Lib\site-packages\fastapi\routing.py", line 706, in app
    |     raw_response = await run_endpoint_function(
    |                    ^^^^^^^^^^^^^^^^^^^^^^^^^^^^
    |   File "C:\Users\Administrator\AppData\Local\Programs\Python\Python312\Lib\site-packages\fastapi\routing.py", line 354, in run_endpoint_function
    |     return await run_in_threadpool(dependant.call, **values)
    |            ^^^^^^^^^^^^^^^^^^^^^^^^^^^^^^^^^^^^^^^^^^^^^^^^^
    |   File "C:\Users\Administrator\AppData\Local\Programs\Python\Python312\Lib\site-packages\starlette\concurrency.py", line 34, in run_in_threadpool
    |     return await anyio.to_thread.run_sync(func)
    |            ^^^^^^^^^^^^^^^^^^^^^^^^^^^^^^^^^^^^
    |   File "C:\Users\Administrator\AppData\Local\Programs\Python\Python312\Lib\site-packages\anyio\to_thread.py", line 65, in run_sync
    |     return await get_async_backend().run_sync_in_worker_thread(
    |            ^^^^^^^^^^^^^^^^^^^^^^^^^^^^^^^^^^^^^^^^^^^^^^^^^^^^
    |   File "C:\Users\Administrator\AppData\Local\Programs\Python\Python312\Lib\site-packages\anyio\_backends\_asyncio.py", line 2641, in run_sync_in_worker_thread
    |     return await future
    |            ^^^^^^^^^^^^
    |   File "C:\Users\Administrator\AppData\Local\Programs\Python\Python312\Lib\site-packages\anyio\_backends\_asyncio.py", line 1033, in run
    |     result = context.run(func, *args)
    |              ^^^^^^^^^^^^^^^^^^^^^^^^
    |   File "E:\Soft\倪海夏三套学习系统\finalhopes-Learning-System\web_app\server.py", line 1412, in serve_img
    |     row = db.execute("SELECT data, mime FROM images WHERE name=?", (key,)).fetchone()
    |           ^^^^^^^^^^^^^^^^^^^^^^^^^^^^^^^^^^^^^^^^^^^^^^^^^^^^^^^^^^^^^^^^
    | sqlite3.InterfaceError: bad parameter or other API misuse
    +------------------------------------

The above exception was the direct cause of the following exception:

Traceback (most recent call last):
  File "C:\Users\Administrator\AppData\Local\Programs\Python\Python312\Lib\site-packages\uvicorn\protocols\http\h11_impl.py", line 411, in run_asgi
    result = await app(  # type: ignore[func-returns-value]
             ^^^^^^^^^^^^^^^^^^^^^^^^^^^^^^^^^^^^^^^^^^^^^^
  File "C:\Users\Administrator\AppData\Local\Programs\Python\Python312\Lib\site-packages\uvicorn\middleware\proxy_headers.py", line 63, in __call__
    return await self.app(scope, receive, send)
           ^^^^^^^^^^^^^^^^^^^^^^^^^^^^^^^^^^^^
  File "C:\Users\Administrator\AppData\Local\Programs\Python\Python312\Lib\site-packages\fastapi\applications.py", line 1163, in __call__
    await super().__call__(scope, receive, send)
  File "C:\Users\Administrator\AppData\Local\Programs\Python\Python312\Lib\site-packages\starlette\applications.py", line 96, in __call__
    await self.middleware_stack(scope, receive, send)
  File "C:\Users\Administrator\AppData\Local\Programs\Python\Python312\Lib\site-packages\starlette\middleware\errors.py", line 186, in __call__
    raise exc
  File "C:\Users\Administrator\AppData\Local\Programs\Python\Python312\Lib\site-packages\starlette\middleware\errors.py", line 164, in __call__
    await self.app(scope, receive, _send)
  File "C:\Users\Administrator\AppData\Local\Programs\Python\Python312\Lib\site-packages\starlette\middleware\base.py", line 193, in __call__
    response = await self.dispatch_func(request, call_next)
               ^^^^^^^^^^^^^^^^^^^^^^^^^^^^^^^^^^^^^^^^^^^^
  File "E:\Soft\倪海夏三套学习系统\finalhopes-Learning-System\web_app\server.py", line 1556, in _ensure_data_middleware
    return await call_next(request)
           ^^^^^^^^^^^^^^^^^^^^^^^^
  File "C:\Users\Administrator\AppData\Local\Programs\Python\Python312\Lib\site-packages\starlette\middleware\base.py", line 168, in call_next
    raise app_exc from app_exc.__cause__ or app_exc.__context__
  File "C:\Users\Administrator\AppData\Local\Programs\Python\Python312\Lib\site-packages\starlette\middleware\base.py", line 144, in coro
    await self.app(scope, receive_or_disconnect, send_no_error)
  File "C:\Users\Administrator\AppData\Local\Programs\Python\Python312\Lib\site-packages\starlette\middleware\base.py", line 193, in __call__
    response = await self.dispatch_func(request, call_next)
               ^^^^^^^^^^^^^^^^^^^^^^^^^^^^^^^^^^^^^^^^^^^^
  File "E:\Soft\倪海夏三套学习系统\finalhopes-Learning-System\web_app\server.py", line 1537, in _security_middleware
    return await call_next(request)
           ^^^^^^^^^^^^^^^^^^^^^^^^
  File "C:\Users\Administrator\AppData\Local\Programs\Python\Python312\Lib\site-packages\starlette\middleware\base.py", line 168, in call_next
    raise app_exc from app_exc.__cause__ or app_exc.__context__
  File "C:\Users\Administrator\AppData\Local\Programs\Python\Python312\Lib\site-packages\starlette\middleware\base.py", line 144, in coro
    await self.app(scope, receive_or_disconnect, send_no_error)
  File "C:\Users\Administrator\AppData\Local\Programs\Python\Python312\Lib\site-packages\starlette\middleware\exceptions.py", line 63, in __call__
    await wrap_app_handling_exceptions(self.app, conn)(scope, receive, send)
  File "C:\Users\Administrator\AppData\Local\Programs\Python\Python312\Lib\site-packages\starlette\_exception_handler.py", line 53, in wrapped_app
    raise exc
  File "C:\Users\Administrator\AppData\Local\Programs\Python\Python312\Lib\site-packages\starlette\_exception_handler.py", line 42, in wrapped_app
    await app(scope, receive, sender)
  File "C:\Users\Administrator\AppData\Local\Programs\Python\Python312\Lib\site-packages\fastapi\middleware\asyncexitstack.py", line 18, in __call__
    await self.app(scope, receive, send)
  File "C:\Users\Administrator\AppData\Local\Programs\Python\Python312\Lib\site-packages\starlette\routing.py", line 670, in __call__
    await self.middleware_stack(scope, receive, send)
  File "C:\Users\Administrator\AppData\Local\Programs\Python\Python312\Lib\site-packages\fastapi\routing.py", line 2734, in app
    await route.handle(scope, receive, send)
  File "C:\Users\Administrator\AppData\Local\Programs\Python\Python312\Lib\site-packages\fastapi\routing.py", line 1281, in handle
    await super().handle(scope, receive, send)
  File "C:\Users\Administrator\AppData\Local\Programs\Python\Python312\Lib\site-packages\starlette\routing.py", line 280, in handle
    await self.app(scope, receive, send)
  File "C:\Users\Administrator\AppData\Local\Programs\Python\Python312\Lib\site-packages\fastapi\routing.py", line 158, in app
    await wrap_app_handling_exceptions(app, request)(scope, receive, send)
  File "C:\Users\Administrator\AppData\Local\Programs\Python\Python312\Lib\site-packages\starlette\_exception_handler.py", line 53, in wrapped_app
    raise exc
  File "C:\Users\Administrator\AppData\Local\Programs\Python\Python312\Lib\site-packages\starlette\_exception_handler.py", line 42, in wrapped_app
    await app(scope, receive, sender)
  File "C:\Users\Administrator\AppData\Local\Programs\Python\Python312\Lib\site-packages\fastapi\routing.py", line 144, in app
    response = await f(request)
               ^^^^^^^^^^^^^^^^
  File "C:\Users\Administrator\AppData\Local\Programs\Python\Python312\Lib\site-packages\fastapi\routing.py", line 706, in app
    raw_response = await run_endpoint_function(
                   ^^^^^^^^^^^^^^^^^^^^^^^^^^^^
  File "C:\Users\Administrator\AppData\Local\Programs\Python\Python312\Lib\site-packages\fastapi\routing.py", line 354, in run_endpoint_function
    return await run_in_threadpool(dependant.call, **values)
           ^^^^^^^^^^^^^^^^^^^^^^^^^^^^^^^^^^^^^^^^^^^^^^^^^
  File "C:\Users\Administrator\AppData\Local\Programs\Python\Python312\Lib\site-packages\starlette\concurrency.py", line 34, in run_in_threadpool
    return await anyio.to_thread.run_sync(func)
           ^^^^^^^^^^^^^^^^^^^^^^^^^^^^^^^^^^^^
  File "C:\Users\Administrator\AppData\Local\Programs\Python\Python312\Lib\site-packages\anyio\to_thread.py", line 65, in run_sync
    return await get_async_backend().run_sync_in_worker_thread(
           ^^^^^^^^^^^^^^^^^^^^^^^^^^^^^^^^^^^^^^^^^^^^^^^^^^^^
  File "C:\Users\Administrator\AppData\Local\Programs\Python\Python312\Lib\site-packages\anyio\_backends\_asyncio.py", line 2641, in run_sync_in_worker_thread
    return await future
           ^^^^^^^^^^^^
  File "C:\Users\Administrator\AppData\Local\Programs\Python\Python312\Lib\site-packages\anyio\_backends\_asyncio.py", line 1033, in run
    result = context.run(func, *args)
             ^^^^^^^^^^^^^^^^^^^^^^^^
  File "E:\Soft\倪海夏三套学习系统\finalhopes-Learning-System\web_app\server.py", line 1412, in serve_img
    row = db.execute("SELECT data, mime FROM images WHERE name=?", (key,)).fetchone()
          ^^^^^^^^^^^^^^^^^^^^^^^^^^^^^^^^^^^^^^^^^^^^^^^^^^^^^^^^^^^^^^^^
sqlite3.InterfaceError: bad parameter or other API misuse
ERROR:    Exception in ASGI application
  + Exception Group Traceback (most recent call last):
  |   File "C:\Users\Administrator\AppData\Local\Programs\Python\Python312\Lib\site-packages\starlette\_utils.py", line 85, in create_collapsing_task_group
  |     async with anyio.create_task_group() as tg:
  |   File "C:\Users\Administrator\AppData\Local\Programs\Python\Python312\Lib\site-packages\anyio\_backends\_asyncio.py", line 815, in __aexit__
  |     raise BaseExceptionGroup(
  | ExceptionGroup: unhandled errors in a TaskGroup (1 sub-exception)
  +-+---------------- 1 ----------------
    | Traceback (most recent call last):
    |   File "C:\Users\Administrator\AppData\Local\Programs\Python\Python312\Lib\site-packages\uvicorn\protocols\http\h11_impl.py", line 411, in run_asgi
    |     result = await app(  # type: ignore[func-returns-value]
    |              ^^^^^^^^^^^^^^^^^^^^^^^^^^^^^^^^^^^^^^^^^^^^^^
    |   File "C:\Users\Administrator\AppData\Local\Programs\Python\Python312\Lib\site-packages\uvicorn\middleware\proxy_headers.py", line 63, in __call__
    |     return await self.app(scope, receive, send)
    |            ^^^^^^^^^^^^^^^^^^^^^^^^^^^^^^^^^^^^
    |   File "C:\Users\Administrator\AppData\Local\Programs\Python\Python312\Lib\site-packages\fastapi\applications.py", line 1163, in __call__
    |     await super().__call__(scope, receive, send)
    |   File "C:\Users\Administrator\AppData\Local\Programs\Python\Python312\Lib\site-packages\starlette\applications.py", line 96, in __call__
    |     await self.middleware_stack(scope, receive, send)
    |   File "C:\Users\Administrator\AppData\Local\Programs\Python\Python312\Lib\site-packages\starlette\middleware\errors.py", line 186, in __call__
    |     raise exc
    |   File "C:\Users\Administrator\AppData\Local\Programs\Python\Python312\Lib\site-packages\starlette\middleware\errors.py", line 164, in __call__
    |     await self.app(scope, receive, _send)
    |   File "C:\Users\Administrator\AppData\Local\Programs\Python\Python312\Lib\site-packages\starlette\middleware\base.py", line 193, in __call__
    |     response = await self.dispatch_func(request, call_next)
    |                ^^^^^^^^^^^^^^^^^^^^^^^^^^^^^^^^^^^^^^^^^^^^
    |   File "E:\Soft\倪海夏三套学习系统\finalhopes-Learning-System\web_app\server.py", line 1556, in _ensure_data_middleware
    |     return await call_next(request)
    |            ^^^^^^^^^^^^^^^^^^^^^^^^
    |   File "C:\Users\Administrator\AppData\Local\Programs\Python\Python312\Lib\site-packages\starlette\middleware\base.py", line 168, in call_next
    |     raise app_exc from app_exc.__cause__ or app_exc.__context__
    |   File "C:\Users\Administrator\AppData\Local\Programs\Python\Python312\Lib\site-packages\starlette\middleware\base.py", line 144, in coro
    |     await self.app(scope, receive_or_disconnect, send_no_error)
    |   File "C:\Users\Administrator\AppData\Local\Programs\Python\Python312\Lib\site-packages\starlette\middleware\base.py", line 193, in __call__
    |     response = await self.dispatch_func(request, call_next)
    |                ^^^^^^^^^^^^^^^^^^^^^^^^^^^^^^^^^^^^^^^^^^^^
    |   File "E:\Soft\倪海夏三套学习系统\finalhopes-Learning-System\web_app\server.py", line 1537, in _security_middleware
    |     return await call_next(request)
    |            ^^^^^^^^^^^^^^^^^^^^^^^^
    |   File "C:\Users\Administrator\AppData\Local\Programs\Python\Python312\Lib\site-packages\starlette\middleware\base.py", line 168, in call_next
    |     raise app_exc from app_exc.__cause__ or app_exc.__context__
    |   File "C:\Users\Administrator\AppData\Local\Programs\Python\Python312\Lib\site-packages\starlette\middleware\base.py", line 144, in coro
    |     await self.app(scope, receive_or_disconnect, send_no_error)
    |   File "C:\Users\Administrator\AppData\Local\Programs\Python\Python312\Lib\site-packages\starlette\middleware\exceptions.py", line 63, in __call__
    |     await wrap_app_handling_exceptions(self.app, conn)(scope, receive, send)
    |   File "C:\Users\Administrator\AppData\Local\Programs\Python\Python312\Lib\site-packages\starlette\_exception_handler.py", line 53, in wrapped_app
    |     raise exc
    |   File "C:\Users\Administrator\AppData\Local\Programs\Python\Python312\Lib\site-packages\starlette\_exception_handler.py", line 42, in wrapped_app
    |     await app(scope, receive, sender)
    |   File "C:\Users\Administrator\AppData\Local\Programs\Python\Python312\Lib\site-packages\fastapi\middleware\asyncexitstack.py", line 18, in __call__
    |     await self.app(scope, receive, send)
    |   File "C:\Users\Administrator\AppData\Local\Programs\Python\Python312\Lib\site-packages\starlette\routing.py", line 670, in __call__
    |     await self.middleware_stack(scope, receive, send)
    |   File "C:\Users\Administrator\AppData\Local\Programs\Python\Python312\Lib\site-packages\fastapi\routing.py", line 2734, in app
    |     await route.handle(scope, receive, send)
    |   File "C:\Users\Administrator\AppData\Local\Programs\Python\Python312\Lib\site-packages\fastapi\routing.py", line 1281, in handle
    |     await super().handle(scope, receive, send)
    |   File "C:\Users\Administrator\AppData\Local\Programs\Python\Python312\Lib\site-packages\starlette\routing.py", line 280, in handle
    |     await self.app(scope, receive, send)
    |   File "C:\Users\Administrator\AppData\Local\Programs\Python\Python312\Lib\site-packages\fastapi\routing.py", line 158, in app
    |     await wrap_app_handling_exceptions(app, request)(scope, receive, send)
    |   File "C:\Users\Administrator\AppData\Local\Programs\Python\Python312\Lib\site-packages\starlette\_exception_handler.py", line 53, in wrapped_app
    |     raise exc
    |   File "C:\Users\Administrator\AppData\Local\Programs\Python\Python312\Lib\site-packages\starlette\_exception_handler.py", line 42, in wrapped_app
    |     await app(scope, receive, sender)
    |   File "C:\Users\Administrator\AppData\Local\Programs\Python\Python312\Lib\site-packages\fastapi\routing.py", line 144, in app
    |     response = await f(request)
    |                ^^^^^^^^^^^^^^^^
    |   File "C:\Users\Administrator\AppData\Local\Programs\Python\Python312\Lib\site-packages\fastapi\routing.py", line 706, in app
    |     raw_response = await run_endpoint_function(
    |                    ^^^^^^^^^^^^^^^^^^^^^^^^^^^^
    |   File "C:\Users\Administrator\AppData\Local\Programs\Python\Python312\Lib\site-packages\fastapi\routing.py", line 354, in run_endpoint_function
    |     return await run_in_threadpool(dependant.call, **values)
    |            ^^^^^^^^^^^^^^^^^^^^^^^^^^^^^^^^^^^^^^^^^^^^^^^^^
    |   File "C:\Users\Administrator\AppData\Local\Programs\Python\Python312\Lib\site-packages\starlette\concurrency.py", line 34, in run_in_threadpool
    |     return await anyio.to_thread.run_sync(func)
    |            ^^^^^^^^^^^^^^^^^^^^^^^^^^^^^^^^^^^^
    |   File "C:\Users\Administrator\AppData\Local\Programs\Python\Python312\Lib\site-packages\anyio\to_thread.py", line 65, in run_sync
    |     return await get_async_backend().run_sync_in_worker_thread(
    |            ^^^^^^^^^^^^^^^^^^^^^^^^^^^^^^^^^^^^^^^^^^^^^^^^^^^^
    |   File "C:\Users\Administrator\AppData\Local\Programs\Python\Python312\Lib\site-packages\anyio\_backends\_asyncio.py", line 2641, in run_sync_in_worker_thread
    |     return await future
    |            ^^^^^^^^^^^^
    |   File "C:\Users\Administrator\AppData\Local\Programs\Python\Python312\Lib\site-packages\anyio\_backends\_asyncio.py", line 1033, in run
    |     result = context.run(func, *args)
    |              ^^^^^^^^^^^^^^^^^^^^^^^^
    |   File "E:\Soft\倪海夏三套学习系统\finalhopes-Learning-System\web_app\server.py", line 1412, in serve_img
    |     row = db.execute("SELECT data, mime FROM images WHERE name=?", (key,)).fetchone()
    |           ^^^^^^^^^^^^^^^^^^^^^^^^^^^^^^^^^^^^^^^^^^^^^^^^^^^^^^^^^^^^^^^^
    | sqlite3.InterfaceError: bad parameter or other API misuse
    +------------------------------------

The above exception was the direct cause of the following exception:

Traceback (most recent call last):
  File "C:\Users\Administrator\AppData\Local\Programs\Python\Python312\Lib\site-packages\uvicorn\protocols\http\h11_impl.py", line 411, in run_asgi
    result = await app(  # type: ignore[func-returns-value]
             ^^^^^^^^^^^^^^^^^^^^^^^^^^^^^^^^^^^^^^^^^^^^^^
  File "C:\Users\Administrator\AppData\Local\Programs\Python\Python312\Lib\site-packages\uvicorn\middleware\proxy_headers.py", line 63, in __call__
    return await self.app(scope, receive, send)
           ^^^^^^^^^^^^^^^^^^^^^^^^^^^^^^^^^^^^
  File "C:\Users\Administrator\AppData\Local\Programs\Python\Python312\Lib\site-packages\fastapi\applications.py", line 1163, in __call__
    await super().__call__(scope, receive, send)
  File "C:\Users\Administrator\AppData\Local\Programs\Python\Python312\Lib\site-packages\starlette\applications.py", line 96, in __call__
    await self.middleware_stack(scope, receive, send)
  File "C:\Users\Administrator\AppData\Local\Programs\Python\Python312\Lib\site-packages\starlette\middleware\errors.py", line 186, in __call__
    raise exc
  File "C:\Users\Administrator\AppData\Local\Programs\Python\Python312\Lib\site-packages\starlette\middleware\errors.py", line 164, in __call__
    await self.app(scope, receive, _send)
  File "C:\Users\Administrator\AppData\Local\Programs\Python\Python312\Lib\site-packages\starlette\middleware\base.py", line 193, in __call__
    response = await self.dispatch_func(request, call_next)
               ^^^^^^^^^^^^^^^^^^^^^^^^^^^^^^^^^^^^^^^^^^^^
  File "E:\Soft\倪海夏三套学习系统\finalhopes-Learning-System\web_app\server.py", line 1556, in _ensure_data_middleware
    return await call_next(request)
           ^^^^^^^^^^^^^^^^^^^^^^^^
  File "C:\Users\Administrator\AppData\Local\Programs\Python\Python312\Lib\site-packages\starlette\middleware\base.py", line 168, in call_next
    raise app_exc from app_exc.__cause__ or app_exc.__context__
  File "C:\Users\Administrator\AppData\Local\Programs\Python\Python312\Lib\site-packages\starlette\middleware\base.py", line 144, in coro
    await self.app(scope, receive_or_disconnect, send_no_error)
  File "C:\Users\Administrator\AppData\Local\Programs\Python\Python312\Lib\site-packages\starlette\middleware\base.py", line 193, in __call__
    response = await self.dispatch_func(request, call_next)
               ^^^^^^^^^^^^^^^^^^^^^^^^^^^^^^^^^^^^^^^^^^^^
  File "E:\Soft\倪海夏三套学习系统\finalhopes-Learning-System\web_app\server.py", line 1537, in _security_middleware
    return await call_next(request)
           ^^^^^^^^^^^^^^^^^^^^^^^^
  File "C:\Users\Administrator\AppData\Local\Programs\Python\Python312\Lib\site-packages\starlette\middleware\base.py", line 168, in call_next
    raise app_exc from app_exc.__cause__ or app_exc.__context__
  File "C:\Users\Administrator\AppData\Local\Programs\Python\Python312\Lib\site-packages\starlette\middleware\base.py", line 144, in coro
    await self.app(scope, receive_or_disconnect, send_no_error)
  File "C:\Users\Administrator\AppData\Local\Programs\Python\Python312\Lib\site-packages\starlette\middleware\exceptions.py", line 63, in __call__
    await wrap_app_handling_exceptions(self.app, conn)(scope, receive, send)
  File "C:\Users\Administrator\AppData\Local\Programs\Python\Python312\Lib\site-packages\starlette\_exception_handler.py", line 53, in wrapped_app
    raise exc
  File "C:\Users\Administrator\AppData\Local\Programs\Python\Python312\Lib\site-packages\starlette\_exception_handler.py", line 42, in wrapped_app
    await app(scope, receive, sender)
  File "C:\Users\Administrator\AppData\Local\Programs\Python\Python312\Lib\site-packages\fastapi\middleware\asyncexitstack.py", line 18, in __call__
    await self.app(scope, receive, send)
  File "C:\Users\Administrator\AppData\Local\Programs\Python\Python312\Lib\site-packages\starlette\routing.py", line 670, in __call__
    await self.middleware_stack(scope, receive, send)
  File "C:\Users\Administrator\AppData\Local\Programs\Python\Python312\Lib\site-packages\fastapi\routing.py", line 2734, in app
    await route.handle(scope, receive, send)
  File "C:\Users\Administrator\AppData\Local\Programs\Python\Python312\Lib\site-packages\fastapi\routing.py", line 1281, in handle
    await super().handle(scope, receive, send)
  File "C:\Users\Administrator\AppData\Local\Programs\Python\Python312\Lib\site-packages\starlette\routing.py", line 280, in handle
    await self.app(scope, receive, send)
  File "C:\Users\Administrator\AppData\Local\Programs\Python\Python312\Lib\site-packages\fastapi\routing.py", line 158, in app
    await wrap_app_handling_exceptions(app, request)(scope, receive, send)
  File "C:\Users\Administrator\AppData\Local\Programs\Python\Python312\Lib\site-packages\starlette\_exception_handler.py", line 53, in wrapped_app
    raise exc
  File "C:\Users\Administrator\AppData\Local\Programs\Python\Python312\Lib\site-packages\starlette\_exception_handler.py", line 42, in wrapped_app
    await app(scope, receive, sender)
  File "C:\Users\Administrator\AppData\Local\Programs\Python\Python312\Lib\site-packages\fastapi\routing.py", line 144, in app
    response = await f(request)
               ^^^^^^^^^^^^^^^^
  File "C:\Users\Administrator\AppData\Local\Programs\Python\Python312\Lib\site-packages\fastapi\routing.py", line 706, in app
    raw_response = await run_endpoint_function(
                   ^^^^^^^^^^^^^^^^^^^^^^^^^^^^
  File "C:\Users\Administrator\AppData\Local\Programs\Python\Python312\Lib\site-packages\fastapi\routing.py", line 354, in run_endpoint_function
    return await run_in_threadpool(dependant.call, **values)
           ^^^^^^^^^^^^^^^^^^^^^^^^^^^^^^^^^^^^^^^^^^^^^^^^^
  File "C:\Users\Administrator\AppData\Local\Programs\Python\Python312\Lib\site-packages\starlette\concurrency.py", line 34, in run_in_threadpool
    return await anyio.to_thread.run_sync(func)
           ^^^^^^^^^^^^^^^^^^^^^^^^^^^^^^^^^^^^
  File "C:\Users\Administrator\AppData\Local\Programs\Python\Python312\Lib\site-packages\anyio\to_thread.py", line 65, in run_sync
    return await get_async_backend().run_sync_in_worker_thread(
           ^^^^^^^^^^^^^^^^^^^^^^^^^^^^^^^^^^^^^^^^^^^^^^^^^^^^
  File "C:\Users\Administrator\AppData\Local\Programs\Python\Python312\Lib\site-packages\anyio\_backends\_asyncio.py", line 2641, in run_sync_in_worker_thread
    return await future
           ^^^^^^^^^^^^
  File "C:\Users\Administrator\AppData\Local\Programs\Python\Python312\Lib\site-packages\anyio\_backends\_asyncio.py", line 1033, in run
    result = context.run(func, *args)
             ^^^^^^^^^^^^^^^^^^^^^^^^
  File "E:\Soft\倪海夏三套学习系统\finalhopes-Learning-System\web_app\server.py", line 1412, in serve_img
    row = db.execute("SELECT data, mime FROM images WHERE name=?", (key,)).fetchone()
          ^^^^^^^^^^^^^^^^^^^^^^^^^^^^^^^^^^^^^^^^^^^^^^^^^^^^^^^^^^^^^^^^
sqlite3.InterfaceError: bad parameter or other API misuse
ERROR:    Exception in ASGI application
  + Exception Group Traceback (most recent call last):
  |   File "C:\Users\Administrator\AppData\Local\Programs\Python\Python312\Lib\site-packages\starlette\_utils.py", line 85, in create_collapsing_task_group
  |     async with anyio.create_task_group() as tg:
  |   File "C:\Users\Administrator\AppData\Local\Programs\Python\Python312\Lib\site-packages\anyio\_backends\_asyncio.py", line 815, in __aexit__
  |     raise BaseExceptionGroup(
  | ExceptionGroup: unhandled errors in a TaskGroup (1 sub-exception)
  +-+---------------- 1 ----------------
    | Traceback (most recent call last):
    |   File "C:\Users\Administrator\AppData\Local\Programs\Python\Python312\Lib\site-packages\uvicorn\protocols\http\h11_impl.py", line 411, in run_asgi
    |     result = await app(  # type: ignore[func-returns-value]
    |              ^^^^^^^^^^^^^^^^^^^^^^^^^^^^^^^^^^^^^^^^^^^^^^
    |   File "C:\Users\Administrator\AppData\Local\Programs\Python\Python312\Lib\site-packages\uvicorn\middleware\proxy_headers.py", line 63, in __call__
    |     return await self.app(scope, receive, send)
    |            ^^^^^^^^^^^^^^^^^^^^^^^^^^^^^^^^^^^^
    |   File "C:\Users\Administrator\AppData\Local\Programs\Python\Python312\Lib\site-packages\fastapi\applications.py", line 1163, in __call__
    |     await super().__call__(scope, receive, send)
    |   File "C:\Users\Administrator\AppData\Local\Programs\Python\Python312\Lib\site-packages\starlette\applications.py", line 96, in __call__
    |     await self.middleware_stack(scope, receive, send)
    |   File "C:\Users\Administrator\AppData\Local\Programs\Python\Python312\Lib\site-packages\starlette\middleware\errors.py", line 186, in __call__
    |     raise exc
    |   File "C:\Users\Administrator\AppData\Local\Programs\Python\Python312\Lib\site-packages\starlette\middleware\errors.py", line 164, in __call__
    |     await self.app(scope, receive, _send)
    |   File "C:\Users\Administrator\AppData\Local\Programs\Python\Python312\Lib\site-packages\starlette\middleware\base.py", line 193, in __call__
    |     response = await self.dispatch_func(request, call_next)
    |                ^^^^^^^^^^^^^^^^^^^^^^^^^^^^^^^^^^^^^^^^^^^^
    |   File "E:\Soft\倪海夏三套学习系统\finalhopes-Learning-System\web_app\server.py", line 1556, in _ensure_data_middleware
    |     return await call_next(request)
    |            ^^^^^^^^^^^^^^^^^^^^^^^^
    |   File "C:\Users\Administrator\AppData\Local\Programs\Python\Python312\Lib\site-packages\starlette\middleware\base.py", line 168, in call_next
    |     raise app_exc from app_exc.__cause__ or app_exc.__context__
    |   File "C:\Users\Administrator\AppData\Local\Programs\Python\Python312\Lib\site-packages\starlette\middleware\base.py", line 144, in coro
    |     await self.app(scope, receive_or_disconnect, send_no_error)
    |   File "C:\Users\Administrator\AppData\Local\Programs\Python\Python312\Lib\site-packages\starlette\middleware\base.py", line 193, in __call__
    |     response = await self.dispatch_func(request, call_next)
    |                ^^^^^^^^^^^^^^^^^^^^^^^^^^^^^^^^^^^^^^^^^^^^
    |   File "E:\Soft\倪海夏三套学习系统\finalhopes-Learning-System\web_app\server.py", line 1537, in _security_middleware
    |     return await call_next(request)
    |            ^^^^^^^^^^^^^^^^^^^^^^^^
    |   File "C:\Users\Administrator\AppData\Local\Programs\Python\Python312\Lib\site-packages\starlette\middleware\base.py", line 168, in call_next
    |     raise app_exc from app_exc.__cause__ or app_exc.__context__
    |   File "C:\Users\Administrator\AppData\Local\Programs\Python\Python312\Lib\site-packages\starlette\middleware\base.py", line 144, in coro
    |     await self.app(scope, receive_or_disconnect, send_no_error)
    |   File "C:\Users\Administrator\AppData\Local\Programs\Python\Python312\Lib\site-packages\starlette\middleware\exceptions.py", line 63, in __call__
    |     await wrap_app_handling_exceptions(self.app, conn)(scope, receive, send)
    |   File "C:\Users\Administrator\AppData\Local\Programs\Python\Python312\Lib\site-packages\starlette\_exception_handler.py", line 53, in wrapped_app
    |     raise exc
    |   File "C:\Users\Administrator\AppData\Local\Programs\Python\Python312\Lib\site-packages\starlette\_exception_handler.py", line 42, in wrapped_app
    |     await app(scope, receive, sender)
    |   File "C:\Users\Administrator\AppData\Local\Programs\Python\Python312\Lib\site-packages\fastapi\middleware\asyncexitstack.py", line 18, in __call__
    |     await self.app(scope, receive, send)
    |   File "C:\Users\Administrator\AppData\Local\Programs\Python\Python312\Lib\site-packages\starlette\routing.py", line 670, in __call__
    |     await self.middleware_stack(scope, receive, send)
    |   File "C:\Users\Administrator\AppData\Local\Programs\Python\Python312\Lib\site-packages\fastapi\routing.py", line 2734, in app
    |     await route.handle(scope, receive, send)
    |   File "C:\Users\Administrator\AppData\Local\Programs\Python\Python312\Lib\site-packages\fastapi\routing.py", line 1281, in handle
    |     await super().handle(scope, receive, send)
    |   File "C:\Users\Administrator\AppData\Local\Programs\Python\Python312\Lib\site-packages\starlette\routing.py", line 280, in handle
    |     await self.app(scope, receive, send)
    |   File "C:\Users\Administrator\AppData\Local\Programs\Python\Python312\Lib\site-packages\fastapi\routing.py", line 158, in app
    |     await wrap_app_handling_exceptions(app, request)(scope, receive, send)
    |   File "C:\Users\Administrator\AppData\Local\Programs\Python\Python312\Lib\site-packages\starlette\_exception_handler.py", line 53, in wrapped_app
    |     raise exc
    |   File "C:\Users\Administrator\AppData\Local\Programs\Python\Python312\Lib\site-packages\starlette\_exception_handler.py", line 42, in wrapped_app
    |     await app(scope, receive, sender)
    |   File "C:\Users\Administrator\AppData\Local\Programs\Python\Python312\Lib\site-packages\fastapi\routing.py", line 144, in app
    |     response = await f(request)
    |                ^^^^^^^^^^^^^^^^
    |   File "C:\Users\Administrator\AppData\Local\Programs\Python\Python312\Lib\site-packages\fastapi\routing.py", line 706, in app
    |     raw_response = await run_endpoint_function(
    |                    ^^^^^^^^^^^^^^^^^^^^^^^^^^^^
    |   File "C:\Users\Administrator\AppData\Local\Programs\Python\Python312\Lib\site-packages\fastapi\routing.py", line 354, in run_endpoint_function
    |     return await run_in_threadpool(dependant.call, **values)
    |            ^^^^^^^^^^^^^^^^^^^^^^^^^^^^^^^^^^^^^^^^^^^^^^^^^
    |   File "C:\Users\Administrator\AppData\Local\Programs\Python\Python312\Lib\site-packages\starlette\concurrency.py", line 34, in run_in_threadpool
    |     return await anyio.to_thread.run_sync(func)
    |            ^^^^^^^^^^^^^^^^^^^^^^^^^^^^^^^^^^^^
    |   File "C:\Users\Administrator\AppData\Local\Programs\Python\Python312\Lib\site-packages\anyio\to_thread.py", line 65, in run_sync
    |     return await get_async_backend().run_sync_in_worker_thread(
    |            ^^^^^^^^^^^^^^^^^^^^^^^^^^^^^^^^^^^^^^^^^^^^^^^^^^^^
    |   File "C:\Users\Administrator\AppData\Local\Programs\Python\Python312\Lib\site-packages\anyio\_backends\_asyncio.py", line 2641, in run_sync_in_worker_thread
    |     return await future
    |            ^^^^^^^^^^^^
    |   File "C:\Users\Administrator\AppData\Local\Programs\Python\Python312\Lib\site-packages\anyio\_backends\_asyncio.py", line 1033, in run
    |     result = context.run(func, *args)
    |              ^^^^^^^^^^^^^^^^^^^^^^^^
    |   File "E:\Soft\倪海夏三套学习系统\finalhopes-Learning-System\web_app\server.py", line 1412, in serve_img
    |     row = db.execute("SELECT data, mime FROM images WHERE name=?", (key,)).fetchone()
    |           ^^^^^^^^^^^^^^^^^^^^^^^^^^^^^^^^^^^^^^^^^^^^^^^^^^^^^^^^^^^^^^^^
    | sqlite3.InterfaceError: bad parameter or other API misuse
    +------------------------------------

The above exception was the direct cause of the following exception:

Traceback (most recent call last):
  File "C:\Users\Administrator\AppData\Local\Programs\Python\Python312\Lib\site-packages\uvicorn\protocols\http\h11_impl.py", line 411, in run_asgi
    result = await app(  # type: ignore[func-returns-value]
             ^^^^^^^^^^^^^^^^^^^^^^^^^^^^^^^^^^^^^^^^^^^^^^
  File "C:\Users\Administrator\AppData\Local\Programs\Python\Python312\Lib\site-packages\uvicorn\middleware\proxy_headers.py", line 63, in __call__
    return await self.app(scope, receive, send)
           ^^^^^^^^^^^^^^^^^^^^^^^^^^^^^^^^^^^^
  File "C:\Users\Administrator\AppData\Local\Programs\Python\Python312\Lib\site-packages\fastapi\applications.py", line 1163, in __call__
    await super().__call__(scope, receive, send)
  File "C:\Users\Administrator\AppData\Local\Programs\Python\Python312\Lib\site-packages\starlette\applications.py", line 96, in __call__
    await self.middleware_stack(scope, receive, send)
  File "C:\Users\Administrator\AppData\Local\Programs\Python\Python312\Lib\site-packages\starlette\middleware\errors.py", line 186, in __call__
    raise exc
  File "C:\Users\Administrator\AppData\Local\Programs\Python\Python312\Lib\site-packages\starlette\middleware\errors.py", line 164, in __call__
    await self.app(scope, receive, _send)
  File "C:\Users\Administrator\AppData\Local\Programs\Python\Python312\Lib\site-packages\starlette\middleware\base.py", line 193, in __call__
    response = await self.dispatch_func(request, call_next)
               ^^^^^^^^^^^^^^^^^^^^^^^^^^^^^^^^^^^^^^^^^^^^
  File "E:\Soft\倪海夏三套学习系统\finalhopes-Learning-System\web_app\server.py", line 1556, in _ensure_data_middleware
    return await call_next(request)
           ^^^^^^^^^^^^^^^^^^^^^^^^
  File "C:\Users\Administrator\AppData\Local\Programs\Python\Python312\Lib\site-packages\starlette\middleware\base.py", line 168, in call_next
    raise app_exc from app_exc.__cause__ or app_exc.__context__
  File "C:\Users\Administrator\AppData\Local\Programs\Python\Python312\Lib\site-packages\starlette\middleware\base.py", line 144, in coro
    await self.app(scope, receive_or_disconnect, send_no_error)
  File "C:\Users\Administrator\AppData\Local\Programs\Python\Python312\Lib\site-packages\starlette\middleware\base.py", line 193, in __call__
    response = await self.dispatch_func(request, call_next)
               ^^^^^^^^^^^^^^^^^^^^^^^^^^^^^^^^^^^^^^^^^^^^
  File "E:\Soft\倪海夏三套学习系统\finalhopes-Learning-System\web_app\server.py", line 1537, in _security_middleware
    return await call_next(request)
           ^^^^^^^^^^^^^^^^^^^^^^^^
  File "C:\Users\Administrator\AppData\Local\Programs\Python\Python312\Lib\site-packages\starlette\middleware\base.py", line 168, in call_next
    raise app_exc from app_exc.__cause__ or app_exc.__context__
  File "C:\Users\Administrator\AppData\Local\Programs\Python\Python312\Lib\site-packages\starlette\middleware\base.py", line 144, in coro
    await self.app(scope, receive_or_disconnect, send_no_error)
  File "C:\Users\Administrator\AppData\Local\Programs\Python\Python312\Lib\site-packages\starlette\middleware\exceptions.py", line 63, in __call__
    await wrap_app_handling_exceptions(self.app, conn)(scope, receive, send)
  File "C:\Users\Administrator\AppData\Local\Programs\Python\Python312\Lib\site-packages\starlette\_exception_handler.py", line 53, in wrapped_app
    raise exc
  File "C:\Users\Administrator\AppData\Local\Programs\Python\Python312\Lib\site-packages\starlette\_exception_handler.py", line 42, in wrapped_app
    await app(scope, receive, sender)
  File "C:\Users\Administrator\AppData\Local\Programs\Python\Python312\Lib\site-packages\fastapi\middleware\asyncexitstack.py", line 18, in __call__
    await self.app(scope, receive, send)
  File "C:\Users\Administrator\AppData\Local\Programs\Python\Python312\Lib\site-packages\starlette\routing.py", line 670, in __call__
    await self.middleware_stack(scope, receive, send)
  File "C:\Users\Administrator\AppData\Local\Programs\Python\Python312\Lib\site-packages\fastapi\routing.py", line 2734, in app
    await route.handle(scope, receive, send)
  File "C:\Users\Administrator\AppData\Local\Programs\Python\Python312\Lib\site-packages\fastapi\routing.py", line 1281, in handle
    await super().handle(scope, receive, send)
  File "C:\Users\Administrator\AppData\Local\Programs\Python\Python312\Lib\site-packages\starlette\routing.py", line 280, in handle
    await self.app(scope, receive, send)
  File "C:\Users\Administrator\AppData\Local\Programs\Python\Python312\Lib\site-packages\fastapi\routing.py", line 158, in app
    await wrap_app_handling_exceptions(app, request)(scope, receive, send)
  File "C:\Users\Administrator\AppData\Local\Programs\Python\Python312\Lib\site-packages\starlette\_exception_handler.py", line 53, in wrapped_app
    raise exc
  File "C:\Users\Administrator\AppData\Local\Programs\Python\Python312\Lib\site-packages\starlette\_exception_handler.py", line 42, in wrapped_app
    await app(scope, receive, sender)
  File "C:\Users\Administrator\AppData\Local\Programs\Python\Python312\Lib\site-packages\fastapi\routing.py", line 144, in app
    response = await f(request)
               ^^^^^^^^^^^^^^^^
  File "C:\Users\Administrator\AppData\Local\Programs\Python\Python312\Lib\site-packages\fastapi\routing.py", line 706, in app
    raw_response = await run_endpoint_function(
                   ^^^^^^^^^^^^^^^^^^^^^^^^^^^^
  File "C:\Users\Administrator\AppData\Local\Programs\Python\Python312\Lib\site-packages\fastapi\routing.py", line 354, in run_endpoint_function
    return await run_in_threadpool(dependant.call, **values)
           ^^^^^^^^^^^^^^^^^^^^^^^^^^^^^^^^^^^^^^^^^^^^^^^^^
  File "C:\Users\Administrator\AppData\Local\Programs\Python\Python312\Lib\site-packages\starlette\concurrency.py", line 34, in run_in_threadpool
    return await anyio.to_thread.run_sync(func)
           ^^^^^^^^^^^^^^^^^^^^^^^^^^^^^^^^^^^^
  File "C:\Users\Administrator\AppData\Local\Programs\Python\Python312\Lib\site-packages\anyio\to_thread.py", line 65, in run_sync
    return await get_async_backend().run_sync_in_worker_thread(
           ^^^^^^^^^^^^^^^^^^^^^^^^^^^^^^^^^^^^^^^^^^^^^^^^^^^^
  File "C:\Users\Administrator\AppData\Local\Programs\Python\Python312\Lib\site-packages\anyio\_backends\_asyncio.py", line 2641, in run_sync_in_worker_thread
    return await future
           ^^^^^^^^^^^^
  File "C:\Users\Administrator\AppData\Local\Programs\Python\Python312\Lib\site-packages\anyio\_backends\_asyncio.py", line 1033, in run
    result = context.run(func, *args)
             ^^^^^^^^^^^^^^^^^^^^^^^^
  File "E:\Soft\倪海夏三套学习系统\finalhopes-Learning-System\web_app\server.py", line 1412, in serve_img
    row = db.execute("SELECT data, mime FROM images WHERE name=?", (key,)).fetchone()
          ^^^^^^^^^^^^^^^^^^^^^^^^^^^^^^^^^^^^^^^^^^^^^^^^^^^^^^^^^^^^^^^^
sqlite3.InterfaceError: bad parameter or other API misuse
ERROR:    Exception in ASGI application
  + Exception Group Traceback (most recent call last):
  |   File "C:\Users\Administrator\AppData\Local\Programs\Python\Python312\Lib\site-packages\starlette\_utils.py", line 85, in create_collapsing_task_group
  |     async with anyio.create_task_group() as tg:
  |   File "C:\Users\Administrator\AppData\Local\Programs\Python\Python312\Lib\site-packages\anyio\_backends\_asyncio.py", line 815, in __aexit__
  |     raise BaseExceptionGroup(
  | ExceptionGroup: unhandled errors in a TaskGroup (1 sub-exception)
  +-+---------------- 1 ----------------
    | Traceback (most recent call last):
    |   File "C:\Users\Administrator\AppData\Local\Programs\Python\Python312\Lib\site-packages\uvicorn\protocols\http\h11_impl.py", line 411, in run_asgi
    |     result = await app(  # type: ignore[func-returns-value]
    |              ^^^^^^^^^^^^^^^^^^^^^^^^^^^^^^^^^^^^^^^^^^^^^^
    |   File "C:\Users\Administrator\AppData\Local\Programs\Python\Python312\Lib\site-packages\uvicorn\middleware\proxy_headers.py", line 63, in __call__
    |     return await self.app(scope, receive, send)
    |            ^^^^^^^^^^^^^^^^^^^^^^^^^^^^^^^^^^^^
    |   File "C:\Users\Administrator\AppData\Local\Programs\Python\Python312\Lib\site-packages\fastapi\applications.py", line 1163, in __call__
    |     await super().__call__(scope, receive, send)
    |   File "C:\Users\Administrator\AppData\Local\Programs\Python\Python312\Lib\site-packages\starlette\applications.py", line 96, in __call__
    |     await self.middleware_stack(scope, receive, send)
    |   File "C:\Users\Administrator\AppData\Local\Programs\Python\Python312\Lib\site-packages\starlette\middleware\errors.py", line 186, in __call__
    |     raise exc
    |   File "C:\Users\Administrator\AppData\Local\Programs\Python\Python312\Lib\site-packages\starlette\middleware\errors.py", line 164, in __call__
    |     await self.app(scope, receive, _send)
    |   File "C:\Users\Administrator\AppData\Local\Programs\Python\Python312\Lib\site-packages\starlette\middleware\base.py", line 193, in __call__
    |     response = await self.dispatch_func(request, call_next)
    |                ^^^^^^^^^^^^^^^^^^^^^^^^^^^^^^^^^^^^^^^^^^^^
    |   File "E:\Soft\倪海夏三套学习系统\finalhopes-Learning-System\web_app\server.py", line 1556, in _ensure_data_middleware
    |     return await call_next(request)
    |            ^^^^^^^^^^^^^^^^^^^^^^^^
    |   File "C:\Users\Administrator\AppData\Local\Programs\Python\Python312\Lib\site-packages\starlette\middleware\base.py", line 168, in call_next
    |     raise app_exc from app_exc.__cause__ or app_exc.__context__
    |   File "C:\Users\Administrator\AppData\Local\Programs\Python\Python312\Lib\site-packages\starlette\middleware\base.py", line 144, in coro
    |     await self.app(scope, receive_or_disconnect, send_no_error)
    |   File "C:\Users\Administrator\AppData\Local\Programs\Python\Python312\Lib\site-packages\starlette\middleware\base.py", line 193, in __call__
    |     response = await self.dispatch_func(request, call_next)
    |                ^^^^^^^^^^^^^^^^^^^^^^^^^^^^^^^^^^^^^^^^^^^^
    |   File "E:\Soft\倪海夏三套学习系统\finalhopes-Learning-System\web_app\server.py", line 1537, in _security_middleware
    |     return await call_next(request)
    |            ^^^^^^^^^^^^^^^^^^^^^^^^
    |   File "C:\Users\Administrator\AppData\Local\Programs\Python\Python312\Lib\site-packages\starlette\middleware\base.py", line 168, in call_next
    |     raise app_exc from app_exc.__cause__ or app_exc.__context__
    |   File "C:\Users\Administrator\AppData\Local\Programs\Python\Python312\Lib\site-packages\starlette\middleware\base.py", line 144, in coro
    |     await self.app(scope, receive_or_disconnect, send_no_error)
    |   File "C:\Users\Administrator\AppData\Local\Programs\Python\Python312\Lib\site-packages\starlette\middleware\exceptions.py", line 63, in __call__
    |     await wrap_app_handling_exceptions(self.app, conn)(scope, receive, send)
    |   File "C:\Users\Administrator\AppData\Local\Programs\Python\Python312\Lib\site-packages\starlette\_exception_handler.py", line 53, in wrapped_app
    |     raise exc
    |   File "C:\Users\Administrator\AppData\Local\Programs\Python\Python312\Lib\site-packages\starlette\_exception_handler.py", line 42, in wrapped_app
    |     await app(scope, receive, sender)
    |   File "C:\Users\Administrator\AppData\Local\Programs\Python\Python312\Lib\site-packages\fastapi\middleware\asyncexitstack.py", line 18, in __call__
    |     await self.app(scope, receive, send)
    |   File "C:\Users\Administrator\AppData\Local\Programs\Python\Python312\Lib\site-packages\starlette\routing.py", line 670, in __call__
    |     await self.middleware_stack(scope, receive, send)
    |   File "C:\Users\Administrator\AppData\Local\Programs\Python\Python312\Lib\site-packages\fastapi\routing.py", line 2734, in app
    |     await route.handle(scope, receive, send)
    |   File "C:\Users\Administrator\AppData\Local\Programs\Python\Python312\Lib\site-packages\fastapi\routing.py", line 1281, in handle
    |     await super().handle(scope, receive, send)
    |   File "C:\Users\Administrator\AppData\Local\Programs\Python\Python312\Lib\site-packages\starlette\routing.py", line 280, in handle
    |     await self.app(scope, receive, send)
    |   File "C:\Users\Administrator\AppData\Local\Programs\Python\Python312\Lib\site-packages\fastapi\routing.py", line 158, in app
    |     await wrap_app_handling_exceptions(app, request)(scope, receive, send)
    |   File "C:\Users\Administrator\AppData\Local\Programs\Python\Python312\Lib\site-packages\starlette\_exception_handler.py", line 53, in wrapped_app
    |     raise exc
    |   File "C:\Users\Administrator\AppData\Local\Programs\Python\Python312\Lib\site-packages\starlette\_exception_handler.py", line 42, in wrapped_app
    |     await app(scope, receive, sender)
    |   File "C:\Users\Administrator\AppData\Local\Programs\Python\Python312\Lib\site-packages\fastapi\routing.py", line 144, in app
    |     response = await f(request)
    |                ^^^^^^^^^^^^^^^^
    |   File "C:\Users\Administrator\AppData\Local\Programs\Python\Python312\Lib\site-packages\fastapi\routing.py", line 706, in app
    |     raw_response = await run_endpoint_function(
    |                    ^^^^^^^^^^^^^^^^^^^^^^^^^^^^
    |   File "C:\Users\Administrator\AppData\Local\Programs\Python\Python312\Lib\site-packages\fastapi\routing.py", line 354, in run_endpoint_function
    |     return await run_in_threadpool(dependant.call, **values)
    |            ^^^^^^^^^^^^^^^^^^^^^^^^^^^^^^^^^^^^^^^^^^^^^^^^^
    |   File "C:\Users\Administrator\AppData\Local\Programs\Python\Python312\Lib\site-packages\starlette\concurrency.py", line 34, in run_in_threadpool
    |     return await anyio.to_thread.run_sync(func)
    |            ^^^^^^^^^^^^^^^^^^^^^^^^^^^^^^^^^^^^
    |   File "C:\Users\Administrator\AppData\Local\Programs\Python\Python312\Lib\site-packages\anyio\to_thread.py", line 65, in run_sync
    |     return await get_async_backend().run_sync_in_worker_thread(
    |            ^^^^^^^^^^^^^^^^^^^^^^^^^^^^^^^^^^^^^^^^^^^^^^^^^^^^
    |   File "C:\Users\Administrator\AppData\Local\Programs\Python\Python312\Lib\site-packages\anyio\_backends\_asyncio.py", line 2641, in run_sync_in_worker_thread
    |     return await future
    |            ^^^^^^^^^^^^
    |   File "C:\Users\Administrator\AppData\Local\Programs\Python\Python312\Lib\site-packages\anyio\_backends\_asyncio.py", line 1033, in run
    |     result = context.run(func, *args)
    |              ^^^^^^^^^^^^^^^^^^^^^^^^
    |   File "E:\Soft\倪海夏三套学习系统\finalhopes-Learning-System\web_app\server.py", line 1412, in serve_img
    |     row = db.execute("SELECT data, mime FROM images WHERE name=?", (key,)).fetchone()
    |           ^^^^^^^^^^^^^^^^^^^^^^^^^^^^^^^^^^^^^^^^^^^^^^^^^^^^^^^^^^^^^^^^
    | sqlite3.InterfaceError: bad parameter or other API misuse
    +------------------------------------

The above exception was the direct cause of the following exception:

Traceback (most recent call last):
  File "C:\Users\Administrator\AppData\Local\Programs\Python\Python312\Lib\site-packages\uvicorn\protocols\http\h11_impl.py", line 411, in run_asgi
    result = await app(  # type: ignore[func-returns-value]
             ^^^^^^^^^^^^^^^^^^^^^^^^^^^^^^^^^^^^^^^^^^^^^^
  File "C:\Users\Administrator\AppData\Local\Programs\Python\Python312\Lib\site-packages\uvicorn\middleware\proxy_headers.py", line 63, in __call__
    return await self.app(scope, receive, send)
           ^^^^^^^^^^^^^^^^^^^^^^^^^^^^^^^^^^^^
  File "C:\Users\Administrator\AppData\Local\Programs\Python\Python312\Lib\site-packages\fastapi\applications.py", line 1163, in __call__
    await super().__call__(scope, receive, send)
  File "C:\Users\Administrator\AppData\Local\Programs\Python\Python312\Lib\site-packages\starlette\applications.py", line 96, in __call__
    await self.middleware_stack(scope, receive, send)
  File "C:\Users\Administrator\AppData\Local\Programs\Python\Python312\Lib\site-packages\starlette\middleware\errors.py", line 186, in __call__
    raise exc
  File "C:\Users\Administrator\AppData\Local\Programs\Python\Python312\Lib\site-packages\starlette\middleware\errors.py", line 164, in __call__
    await self.app(scope, receive, _send)
  File "C:\Users\Administrator\AppData\Local\Programs\Python\Python312\Lib\site-packages\starlette\middleware\base.py", line 193, in __call__
    response = await self.dispatch_func(request, call_next)
               ^^^^^^^^^^^^^^^^^^^^^^^^^^^^^^^^^^^^^^^^^^^^
  File "E:\Soft\倪海夏三套学习系统\finalhopes-Learning-System\web_app\server.py", line 1556, in _ensure_data_middleware
    return await call_next(request)
           ^^^^^^^^^^^^^^^^^^^^^^^^
  File "C:\Users\Administrator\AppData\Local\Programs\Python\Python312\Lib\site-packages\starlette\middleware\base.py", line 168, in call_next
    raise app_exc from app_exc.__cause__ or app_exc.__context__
  File "C:\Users\Administrator\AppData\Local\Programs\Python\Python312\Lib\site-packages\starlette\middleware\base.py", line 144, in coro
    await self.app(scope, receive_or_disconnect, send_no_error)
  File "C:\Users\Administrator\AppData\Local\Programs\Python\Python312\Lib\site-packages\starlette\middleware\base.py", line 193, in __call__
    response = await self.dispatch_func(request, call_next)
               ^^^^^^^^^^^^^^^^^^^^^^^^^^^^^^^^^^^^^^^^^^^^
  File "E:\Soft\倪海夏三套学习系统\finalhopes-Learning-System\web_app\server.py", line 1537, in _security_middleware
    return await call_next(request)
           ^^^^^^^^^^^^^^^^^^^^^^^^
  File "C:\Users\Administrator\AppData\Local\Programs\Python\Python312\Lib\site-packages\starlette\middleware\base.py", line 168, in call_next
    raise app_exc from app_exc.__cause__ or app_exc.__context__
  File "C:\Users\Administrator\AppData\Local\Programs\Python\Python312\Lib\site-packages\starlette\middleware\base.py", line 144, in coro
    await self.app(scope, receive_or_disconnect, send_no_error)
  File "C:\Users\Administrator\AppData\Local\Programs\Python\Python312\Lib\site-packages\starlette\middleware\exceptions.py", line 63, in __call__
    await wrap_app_handling_exceptions(self.app, conn)(scope, receive, send)
  File "C:\Users\Administrator\AppData\Local\Programs\Python\Python312\Lib\site-packages\starlette\_exception_handler.py", line 53, in wrapped_app
    raise exc
  File "C:\Users\Administrator\AppData\Local\Programs\Python\Python312\Lib\site-packages\starlette\_exception_handler.py", line 42, in wrapped_app
    await app(scope, receive, sender)
  File "C:\Users\Administrator\AppData\Local\Programs\Python\Python312\Lib\site-packages\fastapi\middleware\asyncexitstack.py", line 18, in __call__
    await self.app(scope, receive, send)
  File "C:\Users\Administrator\AppData\Local\Programs\Python\Python312\Lib\site-packages\starlette\routing.py", line 670, in __call__
    await self.middleware_stack(scope, receive, send)
  File "C:\Users\Administrator\AppData\Local\Programs\Python\Python312\Lib\site-packages\fastapi\routing.py", line 2734, in app
    await route.handle(scope, receive, send)
  File "C:\Users\Administrator\AppData\Local\Programs\Python\Python312\Lib\site-packages\fastapi\routing.py", line 1281, in handle
    await super().handle(scope, receive, send)
  File "C:\Users\Administrator\AppData\Local\Programs\Python\Python312\Lib\site-packages\starlette\routing.py", line 280, in handle
    await self.app(scope, receive, send)
  File "C:\Users\Administrator\AppData\Local\Programs\Python\Python312\Lib\site-packages\fastapi\routing.py", line 158, in app
    await wrap_app_handling_exceptions(app, request)(scope, receive, send)
  File "C:\Users\Administrator\AppData\Local\Programs\Python\Python312\Lib\site-packages\starlette\_exception_handler.py", line 53, in wrapped_app
    raise exc
  File "C:\Users\Administrator\AppData\Local\Programs\Python\Python312\Lib\site-packages\starlette\_exception_handler.py", line 42, in wrapped_app
    await app(scope, receive, sender)
  File "C:\Users\Administrator\AppData\Local\Programs\Python\Python312\Lib\site-packages\fastapi\routing.py", line 144, in app
    response = await f(request)
               ^^^^^^^^^^^^^^^^
  File "C:\Users\Administrator\AppData\Local\Programs\Python\Python312\Lib\site-packages\fastapi\routing.py", line 706, in app
    raw_response = await run_endpoint_function(
                   ^^^^^^^^^^^^^^^^^^^^^^^^^^^^
  File "C:\Users\Administrator\AppData\Local\Programs\Python\Python312\Lib\site-packages\fastapi\routing.py", line 354, in run_endpoint_function
    return await run_in_threadpool(dependant.call, **values)
           ^^^^^^^^^^^^^^^^^^^^^^^^^^^^^^^^^^^^^^^^^^^^^^^^^
  File "C:\Users\Administrator\AppData\Local\Programs\Python\Python312\Lib\site-packages\starlette\concurrency.py", line 34, in run_in_threadpool
    return await anyio.to_thread.run_sync(func)
           ^^^^^^^^^^^^^^^^^^^^^^^^^^^^^^^^^^^^
  File "C:\Users\Administrator\AppData\Local\Programs\Python\Python312\Lib\site-packages\anyio\to_thread.py", line 65, in run_sync
    return await get_async_backend().run_sync_in_worker_thread(
           ^^^^^^^^^^^^^^^^^^^^^^^^^^^^^^^^^^^^^^^^^^^^^^^^^^^^
  File "C:\Users\Administrator\AppData\Local\Programs\Python\Python312\Lib\site-packages\anyio\_backends\_asyncio.py", line 2641, in run_sync_in_worker_thread
    return await future
           ^^^^^^^^^^^^
  File "C:\Users\Administrator\AppData\Local\Programs\Python\Python312\Lib\site-packages\anyio\_backends\_asyncio.py", line 1033, in run
    result = context.run(func, *args)
             ^^^^^^^^^^^^^^^^^^^^^^^^
  File "E:\Soft\倪海夏三套学习系统\finalhopes-Learning-System\web_app\server.py", line 1412, in serve_img
    row = db.execute("SELECT data, mime FROM images WHERE name=?", (key,)).fetchone()
          ^^^^^^^^^^^^^^^^^^^^^^^^^^^^^^^^^^^^^^^^^^^^^^^^^^^^^^^^^^^^^^^^
sqlite3.InterfaceError: bad parameter or other API misuse
ERROR:    Exception in ASGI application
  + Exception Group Traceback (most recent call last):
  |   File "C:\Users\Administrator\AppData\Local\Programs\Python\Python312\Lib\site-packages\starlette\_utils.py", line 85, in create_collapsing_task_group
  |     async with anyio.create_task_group() as tg:
  |   File "C:\Users\Administrator\AppData\Local\Programs\Python\Python312\Lib\site-packages\anyio\_backends\_asyncio.py", line 815, in __aexit__
  |     raise BaseExceptionGroup(
  | ExceptionGroup: unhandled errors in a TaskGroup (1 sub-exception)
  +-+---------------- 1 ----------------
    | Traceback (most recent call last):
    |   File "C:\Users\Administrator\AppData\Local\Programs\Python\Python312\Lib\site-packages\uvicorn\protocols\http\h11_impl.py", line 411, in run_asgi
    |     result = await app(  # type: ignore[func-returns-value]
    |              ^^^^^^^^^^^^^^^^^^^^^^^^^^^^^^^^^^^^^^^^^^^^^^
    |   File "C:\Users\Administrator\AppData\Local\Programs\Python\Python312\Lib\site-packages\uvicorn\middleware\proxy_headers.py", line 63, in __call__
    |     return await self.app(scope, receive, send)
    |            ^^^^^^^^^^^^^^^^^^^^^^^^^^^^^^^^^^^^
    |   File "C:\Users\Administrator\AppData\Local\Programs\Python\Python312\Lib\site-packages\fastapi\applications.py", line 1163, in __call__
    |     await super().__call__(scope, receive, send)
    |   File "C:\Users\Administrator\AppData\Local\Programs\Python\Python312\Lib\site-packages\starlette\applications.py", line 96, in __call__
    |     await self.middleware_stack(scope, receive, send)
    |   File "C:\Users\Administrator\AppData\Local\Programs\Python\Python312\Lib\site-packages\starlette\middleware\errors.py", line 186, in __call__
    |     raise exc
    |   File "C:\Users\Administrator\AppData\Local\Programs\Python\Python312\Lib\site-packages\starlette\middleware\errors.py", line 164, in __call__
    |     await self.app(scope, receive, _send)
    |   File "C:\Users\Administrator\AppData\Local\Programs\Python\Python312\Lib\site-packages\starlette\middleware\base.py", line 193, in __call__
    |     response = await self.dispatch_func(request, call_next)
    |                ^^^^^^^^^^^^^^^^^^^^^^^^^^^^^^^^^^^^^^^^^^^^
    |   File "E:\Soft\倪海夏三套学习系统\finalhopes-Learning-System\web_app\server.py", line 1556, in _ensure_data_middleware
    |     return await call_next(request)
    |            ^^^^^^^^^^^^^^^^^^^^^^^^
    |   File "C:\Users\Administrator\AppData\Local\Programs\Python\Python312\Lib\site-packages\starlette\middleware\base.py", line 168, in call_next
    |     raise app_exc from app_exc.__cause__ or app_exc.__context__
    |   File "C:\Users\Administrator\AppData\Local\Programs\Python\Python312\Lib\site-packages\starlette\middleware\base.py", line 144, in coro
    |     await self.app(scope, receive_or_disconnect, send_no_error)
    |   File "C:\Users\Administrator\AppData\Local\Programs\Python\Python312\Lib\site-packages\starlette\middleware\base.py", line 193, in __call__
    |     response = await self.dispatch_func(request, call_next)
    |                ^^^^^^^^^^^^^^^^^^^^^^^^^^^^^^^^^^^^^^^^^^^^
    |   File "E:\Soft\倪海夏三套学习系统\finalhopes-Learning-System\web_app\server.py", line 1537, in _security_middleware
    |     return await call_next(request)
    |            ^^^^^^^^^^^^^^^^^^^^^^^^
    |   File "C:\Users\Administrator\AppData\Local\Programs\Python\Python312\Lib\site-packages\starlette\middleware\base.py", line 168, in call_next
    |     raise app_exc from app_exc.__cause__ or app_exc.__context__
    |   File "C:\Users\Administrator\AppData\Local\Programs\Python\Python312\Lib\site-packages\starlette\middleware\base.py", line 144, in coro
    |     await self.app(scope, receive_or_disconnect, send_no_error)
    |   File "C:\Users\Administrator\AppData\Local\Programs\Python\Python312\Lib\site-packages\starlette\middleware\exceptions.py", line 63, in __call__
    |     await wrap_app_handling_exceptions(self.app, conn)(scope, receive, send)
    |   File "C:\Users\Administrator\AppData\Local\Programs\Python\Python312\Lib\site-packages\starlette\_exception_handler.py", line 53, in wrapped_app
    |     raise exc
    |   File "C:\Users\Administrator\AppData\Local\Programs\Python\Python312\Lib\site-packages\starlette\_exception_handler.py", line 42, in wrapped_app
    |     await app(scope, receive, sender)
    |   File "C:\Users\Administrator\AppData\Local\Programs\Python\Python312\Lib\site-packages\fastapi\middleware\asyncexitstack.py", line 18, in __call__
    |     await self.app(scope, receive, send)
    |   File "C:\Users\Administrator\AppData\Local\Programs\Python\Python312\Lib\site-packages\starlette\routing.py", line 670, in __call__
    |     await self.middleware_stack(scope, receive, send)
    |   File "C:\Users\Administrator\AppData\Local\Programs\Python\Python312\Lib\site-packages\fastapi\routing.py", line 2734, in app
    |     await route.handle(scope, receive, send)
    |   File "C:\Users\Administrator\AppData\Local\Programs\Python\Python312\Lib\site-packages\fastapi\routing.py", line 1281, in handle
    |     await super().handle(scope, receive, send)
    |   File "C:\Users\Administrator\AppData\Local\Programs\Python\Python312\Lib\site-packages\starlette\routing.py", line 280, in handle
    |     await self.app(scope, receive, send)
    |   File "C:\Users\Administrator\AppData\Local\Programs\Python\Python312\Lib\site-packages\fastapi\routing.py", line 158, in app
    |     await wrap_app_handling_exceptions(app, request)(scope, receive, send)
    |   File "C:\Users\Administrator\AppData\Local\Programs\Python\Python312\Lib\site-packages\starlette\_exception_handler.py", line 53, in wrapped_app
    |     raise exc
    |   File "C:\Users\Administrator\AppData\Local\Programs\Python\Python312\Lib\site-packages\starlette\_exception_handler.py", line 42, in wrapped_app
    |     await app(scope, receive, sender)
    |   File "C:\Users\Administrator\AppData\Local\Programs\Python\Python312\Lib\site-packages\fastapi\routing.py", line 144, in app
    |     response = await f(request)
    |                ^^^^^^^^^^^^^^^^
    |   File "C:\Users\Administrator\AppData\Local\Programs\Python\Python312\Lib\site-packages\fastapi\routing.py", line 706, in app
    |     raw_response = await run_endpoint_function(
    |                    ^^^^^^^^^^^^^^^^^^^^^^^^^^^^
    |   File "C:\Users\Administrator\AppData\Local\Programs\Python\Python312\Lib\site-packages\fastapi\routing.py", line 354, in run_endpoint_function
    |     return await run_in_threadpool(dependant.call, **values)
    |            ^^^^^^^^^^^^^^^^^^^^^^^^^^^^^^^^^^^^^^^^^^^^^^^^^
    |   File "C:\Users\Administrator\AppData\Local\Programs\Python\Python312\Lib\site-packages\starlette\concurrency.py", line 34, in run_in_threadpool
    |     return await anyio.to_thread.run_sync(func)
    |            ^^^^^^^^^^^^^^^^^^^^^^^^^^^^^^^^^^^^
    |   File "C:\Users\Administrator\AppData\Local\Programs\Python\Python312\Lib\site-packages\anyio\to_thread.py", line 65, in run_sync
    |     return await get_async_backend().run_sync_in_worker_thread(
    |            ^^^^^^^^^^^^^^^^^^^^^^^^^^^^^^^^^^^^^^^^^^^^^^^^^^^^
    |   File "C:\Users\Administrator\AppData\Local\Programs\Python\Python312\Lib\site-packages\anyio\_backends\_asyncio.py", line 2641, in run_sync_in_worker_thread
    |     return await future
    |            ^^^^^^^^^^^^
    |   File "C:\Users\Administrator\AppData\Local\Programs\Python\Python312\Lib\site-packages\anyio\_backends\_asyncio.py", line 1033, in run
    |     result = context.run(func, *args)
    |              ^^^^^^^^^^^^^^^^^^^^^^^^
    |   File "E:\Soft\倪海夏三套学习系统\finalhopes-Learning-System\web_app\server.py", line 1412, in serve_img
    |     row = db.execute("SELECT data, mime FROM images WHERE name=?", (key,)).fetchone()
    |           ^^^^^^^^^^^^^^^^^^^^^^^^^^^^^^^^^^^^^^^^^^^^^^^^^^^^^^^^^^^^^^^^
    | sqlite3.InterfaceError: bad parameter or other API misuse
    +------------------------------------

The above exception was the direct cause of the following exception:

Traceback (most recent call last):
  File "C:\Users\Administrator\AppData\Local\Programs\Python\Python312\Lib\site-packages\uvicorn\protocols\http\h11_impl.py", line 411, in run_asgi
    result = await app(  # type: ignore[func-returns-value]
             ^^^^^^^^^^^^^^^^^^^^^^^^^^^^^^^^^^^^^^^^^^^^^^
  File "C:\Users\Administrator\AppData\Local\Programs\Python\Python312\Lib\site-packages\uvicorn\middleware\proxy_headers.py", line 63, in __call__
    return await self.app(scope, receive, send)
           ^^^^^^^^^^^^^^^^^^^^^^^^^^^^^^^^^^^^
  File "C:\Users\Administrator\AppData\Local\Programs\Python\Python312\Lib\site-packages\fastapi\applications.py", line 1163, in __call__
    await super().__call__(scope, receive, send)
  File "C:\Users\Administrator\AppData\Local\Programs\Python\Python312\Lib\site-packages\starlette\applications.py", line 96, in __call__
    await self.middleware_stack(scope, receive, send)
  File "C:\Users\Administrator\AppData\Local\Programs\Python\Python312\Lib\site-packages\starlette\middleware\errors.py", line 186, in __call__
    raise exc
  File "C:\Users\Administrator\AppData\Local\Programs\Python\Python312\Lib\site-packages\starlette\middleware\errors.py", line 164, in __call__
    await self.app(scope, receive, _send)
  File "C:\Users\Administrator\AppData\Local\Programs\Python\Python312\Lib\site-packages\starlette\middleware\base.py", line 193, in __call__
    response = await self.dispatch_func(request, call_next)
               ^^^^^^^^^^^^^^^^^^^^^^^^^^^^^^^^^^^^^^^^^^^^
  File "E:\Soft\倪海夏三套学习系统\finalhopes-Learning-System\web_app\server.py", line 1556, in _ensure_data_middleware
    return await call_next(request)
           ^^^^^^^^^^^^^^^^^^^^^^^^
  File "C:\Users\Administrator\AppData\Local\Programs\Python\Python312\Lib\site-packages\starlette\middleware\base.py", line 168, in call_next
    raise app_exc from app_exc.__cause__ or app_exc.__context__
  File "C:\Users\Administrator\AppData\Local\Programs\Python\Python312\Lib\site-packages\starlette\middleware\base.py", line 144, in coro
    await self.app(scope, receive_or_disconnect, send_no_error)
  File "C:\Users\Administrator\AppData\Local\Programs\Python\Python312\Lib\site-packages\starlette\middleware\base.py", line 193, in __call__
    response = await self.dispatch_func(request, call_next)
               ^^^^^^^^^^^^^^^^^^^^^^^^^^^^^^^^^^^^^^^^^^^^
  File "E:\Soft\倪海夏三套学习系统\finalhopes-Learning-System\web_app\server.py", line 1537, in _security_middleware
    return await call_next(request)
           ^^^^^^^^^^^^^^^^^^^^^^^^
  File "C:\Users\Administrator\AppData\Local\Programs\Python\Python312\Lib\site-packages\starlette\middleware\base.py", line 168, in call_next
    raise app_exc from app_exc.__cause__ or app_exc.__context__
  File "C:\Users\Administrator\AppData\Local\Programs\Python\Python312\Lib\site-packages\starlette\middleware\base.py", line 144, in coro
    await self.app(scope, receive_or_disconnect, send_no_error)
  File "C:\Users\Administrator\AppData\Local\Programs\Python\Python312\Lib\site-packages\starlette\middleware\exceptions.py", line 63, in __call__
    await wrap_app_handling_exceptions(self.app, conn)(scope, receive, send)
  File "C:\Users\Administrator\AppData\Local\Programs\Python\Python312\Lib\site-packages\starlette\_exception_handler.py", line 53, in wrapped_app
    raise exc
  File "C:\Users\Administrator\AppData\Local\Programs\Python\Python312\Lib\site-packages\starlette\_exception_handler.py", line 42, in wrapped_app
    await app(scope, receive, sender)
  File "C:\Users\Administrator\AppData\Local\Programs\Python\Python312\Lib\site-packages\fastapi\middleware\asyncexitstack.py", line 18, in __call__
    await self.app(scope, receive, send)
  File "C:\Users\Administrator\AppData\Local\Programs\Python\Python312\Lib\site-packages\starlette\routing.py", line 670, in __call__
    await self.middleware_stack(scope, receive, send)
  File "C:\Users\Administrator\AppData\Local\Programs\Python\Python312\Lib\site-packages\fastapi\routing.py", line 2734, in app
    await route.handle(scope, receive, send)
  File "C:\Users\Administrator\AppData\Local\Programs\Python\Python312\Lib\site-packages\fastapi\routing.py", line 1281, in handle
    await super().handle(scope, receive, send)
  File "C:\Users\Administrator\AppData\Local\Programs\Python\Python312\Lib\site-packages\starlette\routing.py", line 280, in handle
    await self.app(scope, receive, send)
  File "C:\Users\Administrator\AppData\Local\Programs\Python\Python312\Lib\site-packages\fastapi\routing.py", line 158, in app
    await wrap_app_handling_exceptions(app, request)(scope, receive, send)
  File "C:\Users\Administrator\AppData\Local\Programs\Python\Python312\Lib\site-packages\starlette\_exception_handler.py", line 53, in wrapped_app
    raise exc
  File "C:\Users\Administrator\AppData\Local\Programs\Python\Python312\Lib\site-packages\starlette\_exception_handler.py", line 42, in wrapped_app
    await app(scope, receive, sender)
  File "C:\Users\Administrator\AppData\Local\Programs\Python\Python312\Lib\site-packages\fastapi\routing.py", line 144, in app
    response = await f(request)
               ^^^^^^^^^^^^^^^^
  File "C:\Users\Administrator\AppData\Local\Programs\Python\Python312\Lib\site-packages\fastapi\routing.py", line 706, in app
    raw_response = await run_endpoint_function(
                   ^^^^^^^^^^^^^^^^^^^^^^^^^^^^
  File "C:\Users\Administrator\AppData\Local\Programs\Python\Python312\Lib\site-packages\fastapi\routing.py", line 354, in run_endpoint_function
    return await run_in_threadpool(dependant.call, **values)
           ^^^^^^^^^^^^^^^^^^^^^^^^^^^^^^^^^^^^^^^^^^^^^^^^^
  File "C:\Users\Administrator\AppData\Local\Programs\Python\Python312\Lib\site-packages\starlette\concurrency.py", line 34, in run_in_threadpool
    return await anyio.to_thread.run_sync(func)
           ^^^^^^^^^^^^^^^^^^^^^^^^^^^^^^^^^^^^
  File "C:\Users\Administrator\AppData\Local\Programs\Python\Python312\Lib\site-packages\anyio\to_thread.py", line 65, in run_sync
    return await get_async_backend().run_sync_in_worker_thread(
           ^^^^^^^^^^^^^^^^^^^^^^^^^^^^^^^^^^^^^^^^^^^^^^^^^^^^
  File "C:\Users\Administrator\AppData\Local\Programs\Python\Python312\Lib\site-packages\anyio\_backends\_asyncio.py", line 2641, in run_sync_in_worker_thread
    return await future
           ^^^^^^^^^^^^
  File "C:\Users\Administrator\AppData\Local\Programs\Python\Python312\Lib\site-packages\anyio\_backends\_asyncio.py", line 1033, in run
    result = context.run(func, *args)
             ^^^^^^^^^^^^^^^^^^^^^^^^
  File "E:\Soft\倪海夏三套学习系统\finalhopes-Learning-System\web_app\server.py", line 1412, in serve_img
    row = db.execute("SELECT data, mime FROM images WHERE name=?", (key,)).fetchone()
          ^^^^^^^^^^^^^^^^^^^^^^^^^^^^^^^^^^^^^^^^^^^^^^^^^^^^^^^^^^^^^^^^
sqlite3.InterfaceError: bad parameter or other API misuse
ERROR:    Exception in ASGI application
  + Exception Group Traceback (most recent call last):
  |   File "C:\Users\Administrator\AppData\Local\Programs\Python\Python312\Lib\site-packages\starlette\_utils.py", line 85, in create_collapsing_task_group
  |     async with anyio.create_task_group() as tg:
  |   File "C:\Users\Administrator\AppData\Local\Programs\Python\Python312\Lib\site-packages\anyio\_backends\_asyncio.py", line 815, in __aexit__
  |     raise BaseExceptionGroup(
  | ExceptionGroup: unhandled errors in a TaskGroup (1 sub-exception)
  +-+---------------- 1 ----------------
    | Traceback (most recent call last):
    |   File "C:\Users\Administrator\AppData\Local\Programs\Python\Python312\Lib\site-packages\uvicorn\protocols\http\h11_impl.py", line 411, in run_asgi
    |     result = await app(  # type: ignore[func-returns-value]
    |              ^^^^^^^^^^^^^^^^^^^^^^^^^^^^^^^^^^^^^^^^^^^^^^
    |   File "C:\Users\Administrator\AppData\Local\Programs\Python\Python312\Lib\site-packages\uvicorn\middleware\proxy_headers.py", line 63, in __call__
    |     return await self.app(scope, receive, send)
    |            ^^^^^^^^^^^^^^^^^^^^^^^^^^^^^^^^^^^^
    |   File "C:\Users\Administrator\AppData\Local\Programs\Python\Python312\Lib\site-packages\fastapi\applications.py", line 1163, in __call__
    |     await super().__call__(scope, receive, send)
    |   File "C:\Users\Administrator\AppData\Local\Programs\Python\Python312\Lib\site-packages\starlette\applications.py", line 96, in __call__
    |     await self.middleware_stack(scope, receive, send)
    |   File "C:\Users\Administrator\AppData\Local\Programs\Python\Python312\Lib\site-packages\starlette\middleware\errors.py", line 186, in __call__
    |     raise exc
    |   File "C:\Users\Administrator\AppData\Local\Programs\Python\Python312\Lib\site-packages\starlette\middleware\errors.py", line 164, in __call__
    |     await self.app(scope, receive, _send)
    |   File "C:\Users\Administrator\AppData\Local\Programs\Python\Python312\Lib\site-packages\starlette\middleware\base.py", line 193, in __call__
    |     response = await self.dispatch_func(request, call_next)
    |                ^^^^^^^^^^^^^^^^^^^^^^^^^^^^^^^^^^^^^^^^^^^^
    |   File "E:\Soft\倪海夏三套学习系统\finalhopes-Learning-System\web_app\server.py", line 1556, in _ensure_data_middleware
    |     return await call_next(request)
    |            ^^^^^^^^^^^^^^^^^^^^^^^^
    |   File "C:\Users\Administrator\AppData\Local\Programs\Python\Python312\Lib\site-packages\starlette\middleware\base.py", line 168, in call_next
    |     raise app_exc from app_exc.__cause__ or app_exc.__context__
    |   File "C:\Users\Administrator\AppData\Local\Programs\Python\Python312\Lib\site-packages\starlette\middleware\base.py", line 144, in coro
    |     await self.app(scope, receive_or_disconnect, send_no_error)
    |   File "C:\Users\Administrator\AppData\Local\Programs\Python\Python312\Lib\site-packages\starlette\middleware\base.py", line 193, in __call__
    |     response = await self.dispatch_func(request, call_next)
    |                ^^^^^^^^^^^^^^^^^^^^^^^^^^^^^^^^^^^^^^^^^^^^
    |   File "E:\Soft\倪海夏三套学习系统\finalhopes-Learning-System\web_app\server.py", line 1537, in _security_middleware
    |     return await call_next(request)
    |            ^^^^^^^^^^^^^^^^^^^^^^^^
    |   File "C:\Users\Administrator\AppData\Local\Programs\Python\Python312\Lib\site-packages\starlette\middleware\base.py", line 168, in call_next
    |     raise app_exc from app_exc.__cause__ or app_exc.__context__
    |   File "C:\Users\Administrator\AppData\Local\Programs\Python\Python312\Lib\site-packages\starlette\middleware\base.py", line 144, in coro
    |     await self.app(scope, receive_or_disconnect, send_no_error)
    |   File "C:\Users\Administrator\AppData\Local\Programs\Python\Python312\Lib\site-packages\starlette\middleware\exceptions.py", line 63, in __call__
    |     await wrap_app_handling_exceptions(self.app, conn)(scope, receive, send)
    |   File "C:\Users\Administrator\AppData\Local\Programs\Python\Python312\Lib\site-packages\starlette\_exception_handler.py", line 53, in wrapped_app
    |     raise exc
    |   File "C:\Users\Administrator\AppData\Local\Programs\Python\Python312\Lib\site-packages\starlette\_exception_handler.py", line 42, in wrapped_app
    |     await app(scope, receive, sender)
    |   File "C:\Users\Administrator\AppData\Local\Programs\Python\Python312\Lib\site-packages\fastapi\middleware\asyncexitstack.py", line 18, in __call__
    |     await self.app(scope, receive, send)
    |   File "C:\Users\Administrator\AppData\Local\Programs\Python\Python312\Lib\site-packages\starlette\routing.py", line 670, in __call__
    |     await self.middleware_stack(scope, receive, send)
    |   File "C:\Users\Administrator\AppData\Local\Programs\Python\Python312\Lib\site-packages\fastapi\routing.py", line 2734, in app
    |     await route.handle(scope, receive, send)
    |   File "C:\Users\Administrator\AppData\Local\Programs\Python\Python312\Lib\site-packages\fastapi\routing.py", line 1281, in handle
    |     await super().handle(scope, receive, send)
    |   File "C:\Users\Administrator\AppData\Local\Programs\Python\Python312\Lib\site-packages\starlette\routing.py", line 280, in handle
    |     await self.app(scope, receive, send)
    |   File "C:\Users\Administrator\AppData\Local\Programs\Python\Python312\Lib\site-packages\fastapi\routing.py", line 158, in app
    |     await wrap_app_handling_exceptions(app, request)(scope, receive, send)
    |   File "C:\Users\Administrator\AppData\Local\Programs\Python\Python312\Lib\site-packages\starlette\_exception_handler.py", line 53, in wrapped_app
    |     raise exc
    |   File "C:\Users\Administrator\AppData\Local\Programs\Python\Python312\Lib\site-packages\starlette\_exception_handler.py", line 42, in wrapped_app
    |     await app(scope, receive, sender)
    |   File "C:\Users\Administrator\AppData\Local\Programs\Python\Python312\Lib\site-packages\fastapi\routing.py", line 144, in app
    |     response = await f(request)
    |                ^^^^^^^^^^^^^^^^
    |   File "C:\Users\Administrator\AppData\Local\Programs\Python\Python312\Lib\site-packages\fastapi\routing.py", line 706, in app
    |     raw_response = await run_endpoint_function(
    |                    ^^^^^^^^^^^^^^^^^^^^^^^^^^^^
    |   File "C:\Users\Administrator\AppData\Local\Programs\Python\Python312\Lib\site-packages\fastapi\routing.py", line 354, in run_endpoint_function
    |     return await run_in_threadpool(dependant.call, **values)
    |            ^^^^^^^^^^^^^^^^^^^^^^^^^^^^^^^^^^^^^^^^^^^^^^^^^
    |   File "C:\Users\Administrator\AppData\Local\Programs\Python\Python312\Lib\site-packages\starlette\concurrency.py", line 34, in run_in_threadpool
    |     return await anyio.to_thread.run_sync(func)
    |            ^^^^^^^^^^^^^^^^^^^^^^^^^^^^^^^^^^^^
    |   File "C:\Users\Administrator\AppData\Local\Programs\Python\Python312\Lib\site-packages\anyio\to_thread.py", line 65, in run_sync
    |     return await get_async_backend().run_sync_in_worker_thread(
    |            ^^^^^^^^^^^^^^^^^^^^^^^^^^^^^^^^^^^^^^^^^^^^^^^^^^^^
    |   File "C:\Users\Administrator\AppData\Local\Programs\Python\Python312\Lib\site-packages\anyio\_backends\_asyncio.py", line 2641, in run_sync_in_worker_thread
    |     return await future
    |            ^^^^^^^^^^^^
    |   File "C:\Users\Administrator\AppData\Local\Programs\Python\Python312\Lib\site-packages\anyio\_backends\_asyncio.py", line 1033, in run
    |     result = context.run(func, *args)
    |              ^^^^^^^^^^^^^^^^^^^^^^^^
    |   File "E:\Soft\倪海夏三套学习系统\finalhopes-Learning-System\web_app\server.py", line 1412, in serve_img
    |     row = db.execute("SELECT data, mime FROM images WHERE name=?", (key,)).fetchone()
    |           ^^^^^^^^^^^^^^^^^^^^^^^^^^^^^^^^^^^^^^^^^^^^^^^^^^^^^^^^^^^^^^^^
    | sqlite3.InterfaceError: bad parameter or other API misuse
    +------------------------------------

The above exception was the direct cause of the following exception:

Traceback (most recent call last):
  File "C:\Users\Administrator\AppData\Local\Programs\Python\Python312\Lib\site-packages\uvicorn\protocols\http\h11_impl.py", line 411, in run_asgi
    result = await app(  # type: ignore[func-returns-value]
             ^^^^^^^^^^^^^^^^^^^^^^^^^^^^^^^^^^^^^^^^^^^^^^
  File "C:\Users\Administrator\AppData\Local\Programs\Python\Python312\Lib\site-packages\uvicorn\middleware\proxy_headers.py", line 63, in __call__
    return await self.app(scope, receive, send)
           ^^^^^^^^^^^^^^^^^^^^^^^^^^^^^^^^^^^^
  File "C:\Users\Administrator\AppData\Local\Programs\Python\Python312\Lib\site-packages\fastapi\applications.py", line 1163, in __call__
    await super().__call__(scope, receive, send)
  File "C:\Users\Administrator\AppData\Local\Programs\Python\Python312\Lib\site-packages\starlette\applications.py", line 96, in __call__
    await self.middleware_stack(scope, receive, send)
  File "C:\Users\Administrator\AppData\Local\Programs\Python\Python312\Lib\site-packages\starlette\middleware\errors.py", line 186, in __call__
    raise exc
  File "C:\Users\Administrator\AppData\Local\Programs\Python\Python312\Lib\site-packages\starlette\middleware\errors.py", line 164, in __call__
    await self.app(scope, receive, _send)
  File "C:\Users\Administrator\AppData\Local\Programs\Python\Python312\Lib\site-packages\starlette\middleware\base.py", line 193, in __call__
    response = await self.dispatch_func(request, call_next)
               ^^^^^^^^^^^^^^^^^^^^^^^^^^^^^^^^^^^^^^^^^^^^
  File "E:\Soft\倪海夏三套学习系统\finalhopes-Learning-System\web_app\server.py", line 1556, in _ensure_data_middleware
    return await call_next(request)
           ^^^^^^^^^^^^^^^^^^^^^^^^
  File "C:\Users\Administrator\AppData\Local\Programs\Python\Python312\Lib\site-packages\starlette\middleware\base.py", line 168, in call_next
    raise app_exc from app_exc.__cause__ or app_exc.__context__
  File "C:\Users\Administrator\AppData\Local\Programs\Python\Python312\Lib\site-packages\starlette\middleware\base.py", line 144, in coro
    await self.app(scope, receive_or_disconnect, send_no_error)
  File "C:\Users\Administrator\AppData\Local\Programs\Python\Python312\Lib\site-packages\starlette\middleware\base.py", line 193, in __call__
    response = await self.dispatch_func(request, call_next)
               ^^^^^^^^^^^^^^^^^^^^^^^^^^^^^^^^^^^^^^^^^^^^
  File "E:\Soft\倪海夏三套学习系统\finalhopes-Learning-System\web_app\server.py", line 1537, in _security_middleware
    return await call_next(request)
           ^^^^^^^^^^^^^^^^^^^^^^^^
  File "C:\Users\Administrator\AppData\Local\Programs\Python\Python312\Lib\site-packages\starlette\middleware\base.py", line 168, in call_next
    raise app_exc from app_exc.__cause__ or app_exc.__context__
  File "C:\Users\Administrator\AppData\Local\Programs\Python\Python312\Lib\site-packages\starlette\middleware\base.py", line 144, in coro
    await self.app(scope, receive_or_disconnect, send_no_error)
  File "C:\Users\Administrator\AppData\Local\Programs\Python\Python312\Lib\site-packages\starlette\middleware\exceptions.py", line 63, in __call__
    await wrap_app_handling_exceptions(self.app, conn)(scope, receive, send)
  File "C:\Users\Administrator\AppData\Local\Programs\Python\Python312\Lib\site-packages\starlette\_exception_handler.py", line 53, in wrapped_app
    raise exc
  File "C:\Users\Administrator\AppData\Local\Programs\Python\Python312\Lib\site-packages\starlette\_exception_handler.py", line 42, in wrapped_app
    await app(scope, receive, sender)
  File "C:\Users\Administrator\AppData\Local\Programs\Python\Python312\Lib\site-packages\fastapi\middleware\asyncexitstack.py", line 18, in __call__
    await self.app(scope, receive, send)
  File "C:\Users\Administrator\AppData\Local\Programs\Python\Python312\Lib\site-packages\starlette\routing.py", line 670, in __call__
    await self.middleware_stack(scope, receive, send)
  File "C:\Users\Administrator\AppData\Local\Programs\Python\Python312\Lib\site-packages\fastapi\routing.py", line 2734, in app
    await route.handle(scope, receive, send)
  File "C:\Users\Administrator\AppData\Local\Programs\Python\Python312\Lib\site-packages\fastapi\routing.py", line 1281, in handle
    await super().handle(scope, receive, send)
  File "C:\Users\Administrator\AppData\Local\Programs\Python\Python312\Lib\site-packages\starlette\routing.py", line 280, in handle
    await self.app(scope, receive, send)
  File "C:\Users\Administrator\AppData\Local\Programs\Python\Python312\Lib\site-packages\fastapi\routing.py", line 158, in app
    await wrap_app_handling_exceptions(app, request)(scope, receive, send)
  File "C:\Users\Administrator\AppData\Local\Programs\Python\Python312\Lib\site-packages\starlette\_exception_handler.py", line 53, in wrapped_app
    raise exc
  File "C:\Users\Administrator\AppData\Local\Programs\Python\Python312\Lib\site-packages\starlette\_exception_handler.py", line 42, in wrapped_app
    await app(scope, receive, sender)
  File "C:\Users\Administrator\AppData\Local\Programs\Python\Python312\Lib\site-packages\fastapi\routing.py", line 144, in app
    response = await f(request)
               ^^^^^^^^^^^^^^^^
  File "C:\Users\Administrator\AppData\Local\Programs\Python\Python312\Lib\site-packages\fastapi\routing.py", line 706, in app
    raw_response = await run_endpoint_function(
                   ^^^^^^^^^^^^^^^^^^^^^^^^^^^^
  File "C:\Users\Administrator\AppData\Local\Programs\Python\Python312\Lib\site-packages\fastapi\routing.py", line 354, in run_endpoint_function
    return await run_in_threadpool(dependant.call, **values)
           ^^^^^^^^^^^^^^^^^^^^^^^^^^^^^^^^^^^^^^^^^^^^^^^^^
  File "C:\Users\Administrator\AppData\Local\Programs\Python\Python312\Lib\site-packages\starlette\concurrency.py", line 34, in run_in_threadpool
    return await anyio.to_thread.run_sync(func)
           ^^^^^^^^^^^^^^^^^^^^^^^^^^^^^^^^^^^^
  File "C:\Users\Administrator\AppData\Local\Programs\Python\Python312\Lib\site-packages\anyio\to_thread.py", line 65, in run_sync
    return await get_async_backend().run_sync_in_worker_thread(
           ^^^^^^^^^^^^^^^^^^^^^^^^^^^^^^^^^^^^^^^^^^^^^^^^^^^^
  File "C:\Users\Administrator\AppData\Local\Programs\Python\Python312\Lib\site-packages\anyio\_backends\_asyncio.py", line 2641, in run_sync_in_worker_thread
    return await future
           ^^^^^^^^^^^^
  File "C:\Users\Administrator\AppData\Local\Programs\Python\Python312\Lib\site-packages\anyio\_backends\_asyncio.py", line 1033, in run
    result = context.run(func, *args)
             ^^^^^^^^^^^^^^^^^^^^^^^^
  File "E:\Soft\倪海夏三套学习系统\finalhopes-Learning-System\web_app\server.py", line 1412, in serve_img
    row = db.execute("SELECT data, mime FROM images WHERE name=?", (key,)).fetchone()
          ^^^^^^^^^^^^^^^^^^^^^^^^^^^^^^^^^^^^^^^^^^^^^^^^^^^^^^^^^^^^^^^^
sqlite3.InterfaceError: bad parameter or other API misuse
ERROR:    Exception in ASGI application
  + Exception Group Traceback (most recent call last):
  |   File "C:\Users\Administrator\AppData\Local\Programs\Python\Python312\Lib\site-packages\starlette\_utils.py", line 85, in create_collapsing_task_group
  |     async with anyio.create_task_group() as tg:
  |   File "C:\Users\Administrator\AppData\Local\Programs\Python\Python312\Lib\site-packages\anyio\_backends\_asyncio.py", line 815, in __aexit__
  |     raise BaseExceptionGroup(
  | ExceptionGroup: unhandled errors in a TaskGroup (1 sub-exception)
  +-+---------------- 1 ----------------
    | Traceback (most recent call last):
    |   File "C:\Users\Administrator\AppData\Local\Programs\Python\Python312\Lib\site-packages\uvicorn\protocols\http\h11_impl.py", line 411, in run_asgi
    |     result = await app(  # type: ignore[func-returns-value]
    |              ^^^^^^^^^^^^^^^^^^^^^^^^^^^^^^^^^^^^^^^^^^^^^^
    |   File "C:\Users\Administrator\AppData\Local\Programs\Python\Python312\Lib\site-packages\uvicorn\middleware\proxy_headers.py", line 63, in __call__
    |     return await self.app(scope, receive, send)
    |            ^^^^^^^^^^^^^^^^^^^^^^^^^^^^^^^^^^^^
    |   File "C:\Users\Administrator\AppData\Local\Programs\Python\Python312\Lib\site-packages\fastapi\applications.py", line 1163, in __call__
    |     await super().__call__(scope, receive, send)
    |   File "C:\Users\Administrator\AppData\Local\Programs\Python\Python312\Lib\site-packages\starlette\applications.py", line 96, in __call__
    |     await self.middleware_stack(scope, receive, send)
    |   File "C:\Users\Administrator\AppData\Local\Programs\Python\Python312\Lib\site-packages\starlette\middleware\errors.py", line 186, in __call__
    |     raise exc
    |   File "C:\Users\Administrator\AppData\Local\Programs\Python\Python312\Lib\site-packages\starlette\middleware\errors.py", line 164, in __call__
    |     await self.app(scope, receive, _send)
    |   File "C:\Users\Administrator\AppData\Local\Programs\Python\Python312\Lib\site-packages\starlette\middleware\base.py", line 193, in __call__
    |     response = await self.dispatch_func(request, call_next)
    |                ^^^^^^^^^^^^^^^^^^^^^^^^^^^^^^^^^^^^^^^^^^^^
    |   File "E:\Soft\倪海夏三套学习系统\finalhopes-Learning-System\web_app\server.py", line 1556, in _ensure_data_middleware
    |     return await call_next(request)
    |            ^^^^^^^^^^^^^^^^^^^^^^^^
    |   File "C:\Users\Administrator\AppData\Local\Programs\Python\Python312\Lib\site-packages\starlette\middleware\base.py", line 168, in call_next
    |     raise app_exc from app_exc.__cause__ or app_exc.__context__
    |   File "C:\Users\Administrator\AppData\Local\Programs\Python\Python312\Lib\site-packages\starlette\middleware\base.py", line 144, in coro
    |     await self.app(scope, receive_or_disconnect, send_no_error)
    |   File "C:\Users\Administrator\AppData\Local\Programs\Python\Python312\Lib\site-packages\starlette\middleware\base.py", line 193, in __call__
    |     response = await self.dispatch_func(request, call_next)
    |                ^^^^^^^^^^^^^^^^^^^^^^^^^^^^^^^^^^^^^^^^^^^^
    |   File "E:\Soft\倪海夏三套学习系统\finalhopes-Learning-System\web_app\server.py", line 1537, in _security_middleware
    |     return await call_next(request)
    |            ^^^^^^^^^^^^^^^^^^^^^^^^
    |   File "C:\Users\Administrator\AppData\Local\Programs\Python\Python312\Lib\site-packages\starlette\middleware\base.py", line 168, in call_next
    |     raise app_exc from app_exc.__cause__ or app_exc.__context__
    |   File "C:\Users\Administrator\AppData\Local\Programs\Python\Python312\Lib\site-packages\starlette\middleware\base.py", line 144, in coro
    |     await self.app(scope, receive_or_disconnect, send_no_error)
    |   File "C:\Users\Administrator\AppData\Local\Programs\Python\Python312\Lib\site-packages\starlette\middleware\exceptions.py", line 63, in __call__
    |     await wrap_app_handling_exceptions(self.app, conn)(scope, receive, send)
    |   File "C:\Users\Administrator\AppData\Local\Programs\Python\Python312\Lib\site-packages\starlette\_exception_handler.py", line 53, in wrapped_app
    |     raise exc
    |   File "C:\Users\Administrator\AppData\Local\Programs\Python\Python312\Lib\site-packages\starlette\_exception_handler.py", line 42, in wrapped_app
    |     await app(scope, receive, sender)
    |   File "C:\Users\Administrator\AppData\Local\Programs\Python\Python312\Lib\site-packages\fastapi\middleware\asyncexitstack.py", line 18, in __call__
    |     await self.app(scope, receive, send)
    |   File "C:\Users\Administrator\AppData\Local\Programs\Python\Python312\Lib\site-packages\starlette\routing.py", line 670, in __call__
    |     await self.middleware_stack(scope, receive, send)
    |   File "C:\Users\Administrator\AppData\Local\Programs\Python\Python312\Lib\site-packages\fastapi\routing.py", line 2734, in app
    |     await route.handle(scope, receive, send)
    |   File "C:\Users\Administrator\AppData\Local\Programs\Python\Python312\Lib\site-packages\fastapi\routing.py", line 1281, in handle
    |     await super().handle(scope, receive, send)
    |   File "C:\Users\Administrator\AppData\Local\Programs\Python\Python312\Lib\site-packages\starlette\routing.py", line 280, in handle
    |     await self.app(scope, receive, send)
    |   File "C:\Users\Administrator\AppData\Local\Programs\Python\Python312\Lib\site-packages\fastapi\routing.py", line 158, in app
    |     await wrap_app_handling_exceptions(app, request)(scope, receive, send)
    |   File "C:\Users\Administrator\AppData\Local\Programs\Python\Python312\Lib\site-packages\starlette\_exception_handler.py", line 53, in wrapped_app
    |     raise exc
    |   File "C:\Users\Administrator\AppData\Local\Programs\Python\Python312\Lib\site-packages\starlette\_exception_handler.py", line 42, in wrapped_app
    |     await app(scope, receive, sender)
    |   File "C:\Users\Administrator\AppData\Local\Programs\Python\Python312\Lib\site-packages\fastapi\routing.py", line 144, in app
    |     response = await f(request)
    |                ^^^^^^^^^^^^^^^^
    |   File "C:\Users\Administrator\AppData\Local\Programs\Python\Python312\Lib\site-packages\fastapi\routing.py", line 706, in app
    |     raw_response = await run_endpoint_function(
    |                    ^^^^^^^^^^^^^^^^^^^^^^^^^^^^
    |   File "C:\Users\Administrator\AppData\Local\Programs\Python\Python312\Lib\site-packages\fastapi\routing.py", line 354, in run_endpoint_function
    |     return await run_in_threadpool(dependant.call, **values)
    |            ^^^^^^^^^^^^^^^^^^^^^^^^^^^^^^^^^^^^^^^^^^^^^^^^^
    |   File "C:\Users\Administrator\AppData\Local\Programs\Python\Python312\Lib\site-packages\starlette\concurrency.py", line 34, in run_in_threadpool
    |     return await anyio.to_thread.run_sync(func)
    |            ^^^^^^^^^^^^^^^^^^^^^^^^^^^^^^^^^^^^
    |   File "C:\Users\Administrator\AppData\Local\Programs\Python\Python312\Lib\site-packages\anyio\to_thread.py", line 65, in run_sync
    |     return await get_async_backend().run_sync_in_worker_thread(
    |            ^^^^^^^^^^^^^^^^^^^^^^^^^^^^^^^^^^^^^^^^^^^^^^^^^^^^
    |   File "C:\Users\Administrator\AppData\Local\Programs\Python\Python312\Lib\site-packages\anyio\_backends\_asyncio.py", line 2641, in run_sync_in_worker_thread
    |     return await future
    |            ^^^^^^^^^^^^
    |   File "C:\Users\Administrator\AppData\Local\Programs\Python\Python312\Lib\site-packages\anyio\_backends\_asyncio.py", line 1033, in run
    |     result = context.run(func, *args)
    |              ^^^^^^^^^^^^^^^^^^^^^^^^
    |   File "E:\Soft\倪海夏三套学习系统\finalhopes-Learning-System\web_app\server.py", line 1412, in serve_img
    |     row = db.execute("SELECT data, mime FROM images WHERE name=?", (key,)).fetchone()
    |           ^^^^^^^^^^^^^^^^^^^^^^^^^^^^^^^^^^^^^^^^^^^^^^^^^^^^^^^^^^^^^^^^
    | sqlite3.InterfaceError: bad parameter or other API misuse
    +------------------------------------

The above exception was the direct cause of the following exception:

Traceback (most recent call last):
  File "C:\Users\Administrator\AppData\Local\Programs\Python\Python312\Lib\site-packages\uvicorn\protocols\http\h11_impl.py", line 411, in run_asgi
    result = await app(  # type: ignore[func-returns-value]
             ^^^^^^^^^^^^^^^^^^^^^^^^^^^^^^^^^^^^^^^^^^^^^^
  File "C:\Users\Administrator\AppData\Local\Programs\Python\Python312\Lib\site-packages\uvicorn\middleware\proxy_headers.py", line 63, in __call__
    return await self.app(scope, receive, send)
           ^^^^^^^^^^^^^^^^^^^^^^^^^^^^^^^^^^^^
  File "C:\Users\Administrator\AppData\Local\Programs\Python\Python312\Lib\site-packages\fastapi\applications.py", line 1163, in __call__
    await super().__call__(scope, receive, send)
  File "C:\Users\Administrator\AppData\Local\Programs\Python\Python312\Lib\site-packages\starlette\applications.py", line 96, in __call__
    await self.middleware_stack(scope, receive, send)
  File "C:\Users\Administrator\AppData\Local\Programs\Python\Python312\Lib\site-packages\starlette\middleware\errors.py", line 186, in __call__
    raise exc
  File "C:\Users\Administrator\AppData\Local\Programs\Python\Python312\Lib\site-packages\starlette\middleware\errors.py", line 164, in __call__
    await self.app(scope, receive, _send)
  File "C:\Users\Administrator\AppData\Local\Programs\Python\Python312\Lib\site-packages\starlette\middleware\base.py", line 193, in __call__
    response = await self.dispatch_func(request, call_next)
               ^^^^^^^^^^^^^^^^^^^^^^^^^^^^^^^^^^^^^^^^^^^^
  File "E:\Soft\倪海夏三套学习系统\finalhopes-Learning-System\web_app\server.py", line 1556, in _ensure_data_middleware
    return await call_next(request)
           ^^^^^^^^^^^^^^^^^^^^^^^^
  File "C:\Users\Administrator\AppData\Local\Programs\Python\Python312\Lib\site-packages\starlette\middleware\base.py", line 168, in call_next
    raise app_exc from app_exc.__cause__ or app_exc.__context__
  File "C:\Users\Administrator\AppData\Local\Programs\Python\Python312\Lib\site-packages\starlette\middleware\base.py", line 144, in coro
    await self.app(scope, receive_or_disconnect, send_no_error)
  File "C:\Users\Administrator\AppData\Local\Programs\Python\Python312\Lib\site-packages\starlette\middleware\base.py", line 193, in __call__
    response = await self.dispatch_func(request, call_next)
               ^^^^^^^^^^^^^^^^^^^^^^^^^^^^^^^^^^^^^^^^^^^^
  File "E:\Soft\倪海夏三套学习系统\finalhopes-Learning-System\web_app\server.py", line 1537, in _security_middleware
    return await call_next(request)
           ^^^^^^^^^^^^^^^^^^^^^^^^
  File "C:\Users\Administrator\AppData\Local\Programs\Python\Python312\Lib\site-packages\starlette\middleware\base.py", line 168, in call_next
    raise app_exc from app_exc.__cause__ or app_exc.__context__
  File "C:\Users\Administrator\AppData\Local\Programs\Python\Python312\Lib\site-packages\starlette\middleware\base.py", line 144, in coro
    await self.app(scope, receive_or_disconnect, send_no_error)
  File "C:\Users\Administrator\AppData\Local\Programs\Python\Python312\Lib\site-packages\starlette\middleware\exceptions.py", line 63, in __call__
    await wrap_app_handling_exceptions(self.app, conn)(scope, receive, send)
  File "C:\Users\Administrator\AppData\Local\Programs\Python\Python312\Lib\site-packages\starlette\_exception_handler.py", line 53, in wrapped_app
    raise exc
  File "C:\Users\Administrator\AppData\Local\Programs\Python\Python312\Lib\site-packages\starlette\_exception_handler.py", line 42, in wrapped_app
    await app(scope, receive, sender)
  File "C:\Users\Administrator\AppData\Local\Programs\Python\Python312\Lib\site-packages\fastapi\middleware\asyncexitstack.py", line 18, in __call__
    await self.app(scope, receive, send)
  File "C:\Users\Administrator\AppData\Local\Programs\Python\Python312\Lib\site-packages\starlette\routing.py", line 670, in __call__
    await self.middleware_stack(scope, receive, send)
  File "C:\Users\Administrator\AppData\Local\Programs\Python\Python312\Lib\site-packages\fastapi\routing.py", line 2734, in app
    await route.handle(scope, receive, send)
  File "C:\Users\Administrator\AppData\Local\Programs\Python\Python312\Lib\site-packages\fastapi\routing.py", line 1281, in handle
    await super().handle(scope, receive, send)
  File "C:\Users\Administrator\AppData\Local\Programs\Python\Python312\Lib\site-packages\starlette\routing.py", line 280, in handle
    await self.app(scope, receive, send)
  File "C:\Users\Administrator\AppData\Local\Programs\Python\Python312\Lib\site-packages\fastapi\routing.py", line 158, in app
    await wrap_app_handling_exceptions(app, request)(scope, receive, send)
  File "C:\Users\Administrator\AppData\Local\Programs\Python\Python312\Lib\site-packages\starlette\_exception_handler.py", line 53, in wrapped_app
    raise exc
  File "C:\Users\Administrator\AppData\Local\Programs\Python\Python312\Lib\site-packages\starlette\_exception_handler.py", line 42, in wrapped_app
    await app(scope, receive, sender)
  File "C:\Users\Administrator\AppData\Local\Programs\Python\Python312\Lib\site-packages\fastapi\routing.py", line 144, in app
    response = await f(request)
               ^^^^^^^^^^^^^^^^
  File "C:\Users\Administrator\AppData\Local\Programs\Python\Python312\Lib\site-packages\fastapi\routing.py", line 706, in app
    raw_response = await run_endpoint_function(
                   ^^^^^^^^^^^^^^^^^^^^^^^^^^^^
  File "C:\Users\Administrator\AppData\Local\Programs\Python\Python312\Lib\site-packages\fastapi\routing.py", line 354, in run_endpoint_function
    return await run_in_threadpool(dependant.call, **values)
           ^^^^^^^^^^^^^^^^^^^^^^^^^^^^^^^^^^^^^^^^^^^^^^^^^
  File "C:\Users\Administrator\AppData\Local\Programs\Python\Python312\Lib\site-packages\starlette\concurrency.py", line 34, in run_in_threadpool
    return await anyio.to_thread.run_sync(func)
           ^^^^^^^^^^^^^^^^^^^^^^^^^^^^^^^^^^^^
  File "C:\Users\Administrator\AppData\Local\Programs\Python\Python312\Lib\site-packages\anyio\to_thread.py", line 65, in run_sync
    return await get_async_backend().run_sync_in_worker_thread(
           ^^^^^^^^^^^^^^^^^^^^^^^^^^^^^^^^^^^^^^^^^^^^^^^^^^^^
  File "C:\Users\Administrator\AppData\Local\Programs\Python\Python312\Lib\site-packages\anyio\_backends\_asyncio.py", line 2641, in run_sync_in_worker_thread
    return await future
           ^^^^^^^^^^^^
  File "C:\Users\Administrator\AppData\Local\Programs\Python\Python312\Lib\site-packages\anyio\_backends\_asyncio.py", line 1033, in run
    result = context.run(func, *args)
             ^^^^^^^^^^^^^^^^^^^^^^^^
  File "E:\Soft\倪海夏三套学习系统\finalhopes-Learning-System\web_app\server.py", line 1412, in serve_img
    row = db.execute("SELECT data, mime FROM images WHERE name=?", (key,)).fetchone()
          ^^^^^^^^^^^^^^^^^^^^^^^^^^^^^^^^^^^^^^^^^^^^^^^^^^^^^^^^^^^^^^^^
sqlite3.InterfaceError: bad parameter or other API misuse
ERROR:    Exception in ASGI application
  + Exception Group Traceback (most recent call last):
  |   File "C:\Users\Administrator\AppData\Local\Programs\Python\Python312\Lib\site-packages\starlette\_utils.py", line 85, in create_collapsing_task_group
  |     async with anyio.create_task_group() as tg:
  |   File "C:\Users\Administrator\AppData\Local\Programs\Python\Python312\Lib\site-packages\anyio\_backends\_asyncio.py", line 815, in __aexit__
  |     raise BaseExceptionGroup(
  | ExceptionGroup: unhandled errors in a TaskGroup (1 sub-exception)
  +-+---------------- 1 ----------------
    | Traceback (most recent call last):
    |   File "C:\Users\Administrator\AppData\Local\Programs\Python\Python312\Lib\site-packages\uvicorn\protocols\http\h11_impl.py", line 411, in run_asgi
    |     result = await app(  # type: ignore[func-returns-value]
    |              ^^^^^^^^^^^^^^^^^^^^^^^^^^^^^^^^^^^^^^^^^^^^^^
    |   File "C:\Users\Administrator\AppData\Local\Programs\Python\Python312\Lib\site-packages\uvicorn\middleware\proxy_headers.py", line 63, in __call__
    |     return await self.app(scope, receive, send)
    |            ^^^^^^^^^^^^^^^^^^^^^^^^^^^^^^^^^^^^
    |   File "C:\Users\Administrator\AppData\Local\Programs\Python\Python312\Lib\site-packages\fastapi\applications.py", line 1163, in __call__
    |     await super().__call__(scope, receive, send)
    |   File "C:\Users\Administrator\AppData\Local\Programs\Python\Python312\Lib\site-packages\starlette\applications.py", line 96, in __call__
    |     await self.middleware_stack(scope, receive, send)
    |   File "C:\Users\Administrator\AppData\Local\Programs\Python\Python312\Lib\site-packages\starlette\middleware\errors.py", line 186, in __call__
    |     raise exc
    |   File "C:\Users\Administrator\AppData\Local\Programs\Python\Python312\Lib\site-packages\starlette\middleware\errors.py", line 164, in __call__
    |     await self.app(scope, receive, _send)
    |   File "C:\Users\Administrator\AppData\Local\Programs\Python\Python312\Lib\site-packages\starlette\middleware\base.py", line 193, in __call__
    |     response = await self.dispatch_func(request, call_next)
    |                ^^^^^^^^^^^^^^^^^^^^^^^^^^^^^^^^^^^^^^^^^^^^
    |   File "E:\Soft\倪海夏三套学习系统\finalhopes-Learning-System\web_app\server.py", line 1556, in _ensure_data_middleware
    |     return await call_next(request)
    |            ^^^^^^^^^^^^^^^^^^^^^^^^
    |   File "C:\Users\Administrator\AppData\Local\Programs\Python\Python312\Lib\site-packages\starlette\middleware\base.py", line 168, in call_next
    |     raise app_exc from app_exc.__cause__ or app_exc.__context__
    |   File "C:\Users\Administrator\AppData\Local\Programs\Python\Python312\Lib\site-packages\starlette\middleware\base.py", line 144, in coro
    |     await self.app(scope, receive_or_disconnect, send_no_error)
    |   File "C:\Users\Administrator\AppData\Local\Programs\Python\Python312\Lib\site-packages\starlette\middleware\base.py", line 193, in __call__
    |     response = await self.dispatch_func(request, call_next)
    |                ^^^^^^^^^^^^^^^^^^^^^^^^^^^^^^^^^^^^^^^^^^^^
    |   File "E:\Soft\倪海夏三套学习系统\finalhopes-Learning-System\web_app\server.py", line 1537, in _security_middleware
    |     return await call_next(request)
    |            ^^^^^^^^^^^^^^^^^^^^^^^^
    |   File "C:\Users\Administrator\AppData\Local\Programs\Python\Python312\Lib\site-packages\starlette\middleware\base.py", line 168, in call_next
    |     raise app_exc from app_exc.__cause__ or app_exc.__context__
    |   File "C:\Users\Administrator\AppData\Local\Programs\Python\Python312\Lib\site-packages\starlette\middleware\base.py", line 144, in coro
    |     await self.app(scope, receive_or_disconnect, send_no_error)
    |   File "C:\Users\Administrator\AppData\Local\Programs\Python\Python312\Lib\site-packages\starlette\middleware\exceptions.py", line 63, in __call__
    |     await wrap_app_handling_exceptions(self.app, conn)(scope, receive, send)
    |   File "C:\Users\Administrator\AppData\Local\Programs\Python\Python312\Lib\site-packages\starlette\_exception_handler.py", line 53, in wrapped_app
    |     raise exc
    |   File "C:\Users\Administrator\AppData\Local\Programs\Python\Python312\Lib\site-packages\starlette\_exception_handler.py", line 42, in wrapped_app
    |     await app(scope, receive, sender)
    |   File "C:\Users\Administrator\AppData\Local\Programs\Python\Python312\Lib\site-packages\fastapi\middleware\asyncexitstack.py", line 18, in __call__
    |     await self.app(scope, receive, send)
    |   File "C:\Users\Administrator\AppData\Local\Programs\Python\Python312\Lib\site-packages\starlette\routing.py", line 670, in __call__
    |     await self.middleware_stack(scope, receive, send)
    |   File "C:\Users\Administrator\AppData\Local\Programs\Python\Python312\Lib\site-packages\fastapi\routing.py", line 2734, in app
    |     await route.handle(scope, receive, send)
    |   File "C:\Users\Administrator\AppData\Local\Programs\Python\Python312\Lib\site-packages\fastapi\routing.py", line 1281, in handle
    |     await super().handle(scope, receive, send)
    |   File "C:\Users\Administrator\AppData\Local\Programs\Python\Python312\Lib\site-packages\starlette\routing.py", line 280, in handle
    |     await self.app(scope, receive, send)
    |   File "C:\Users\Administrator\AppData\Local\Programs\Python\Python312\Lib\site-packages\fastapi\routing.py", line 158, in app
    |     await wrap_app_handling_exceptions(app, request)(scope, receive, send)
    |   File "C:\Users\Administrator\AppData\Local\Programs\Python\Python312\Lib\site-packages\starlette\_exception_handler.py", line 53, in wrapped_app
    |     raise exc
    |   File "C:\Users\Administrator\AppData\Local\Programs\Python\Python312\Lib\site-packages\starlette\_exception_handler.py", line 42, in wrapped_app
    |     await app(scope, receive, sender)
    |   File "C:\Users\Administrator\AppData\Local\Programs\Python\Python312\Lib\site-packages\fastapi\routing.py", line 144, in app
    |     response = await f(request)
    |                ^^^^^^^^^^^^^^^^
    |   File "C:\Users\Administrator\AppData\Local\Programs\Python\Python312\Lib\site-packages\fastapi\routing.py", line 706, in app
    |     raw_response = await run_endpoint_function(
    |                    ^^^^^^^^^^^^^^^^^^^^^^^^^^^^
    |   File "C:\Users\Administrator\AppData\Local\Programs\Python\Python312\Lib\site-packages\fastapi\routing.py", line 354, in run_endpoint_function
    |     return await run_in_threadpool(dependant.call, **values)
    |            ^^^^^^^^^^^^^^^^^^^^^^^^^^^^^^^^^^^^^^^^^^^^^^^^^
    |   File "C:\Users\Administrator\AppData\Local\Programs\Python\Python312\Lib\site-packages\starlette\concurrency.py", line 34, in run_in_threadpool
    |     return await anyio.to_thread.run_sync(func)
    |            ^^^^^^^^^^^^^^^^^^^^^^^^^^^^^^^^^^^^
    |   File "C:\Users\Administrator\AppData\Local\Programs\Python\Python312\Lib\site-packages\anyio\to_thread.py", line 65, in run_sync
    |     return await get_async_backend().run_sync_in_worker_thread(
    |            ^^^^^^^^^^^^^^^^^^^^^^^^^^^^^^^^^^^^^^^^^^^^^^^^^^^^
    |   File "C:\Users\Administrator\AppData\Local\Programs\Python\Python312\Lib\site-packages\anyio\_backends\_asyncio.py", line 2641, in run_sync_in_worker_thread
    |     return await future
    |            ^^^^^^^^^^^^
    |   File "C:\Users\Administrator\AppData\Local\Programs\Python\Python312\Lib\site-packages\anyio\_backends\_asyncio.py", line 1033, in run
    |     result = context.run(func, *args)
    |              ^^^^^^^^^^^^^^^^^^^^^^^^
    |   File "E:\Soft\倪海夏三套学习系统\finalhopes-Learning-System\web_app\server.py", line 1412, in serve_img
    |     row = db.execute("SELECT data, mime FROM images WHERE name=?", (key,)).fetchone()
    |           ^^^^^^^^^^^^^^^^^^^^^^^^^^^^^^^^^^^^^^^^^^^^^^^^^^^^^^^^^^^^^^^^
    | sqlite3.InterfaceError: bad parameter or other API misuse
    +------------------------------------

The above exception was the direct cause of the following exception:

Traceback (most recent call last):
  File "C:\Users\Administrator\AppData\Local\Programs\Python\Python312\Lib\site-packages\uvicorn\protocols\http\h11_impl.py", line 411, in run_asgi
    result = await app(  # type: ignore[func-returns-value]
             ^^^^^^^^^^^^^^^^^^^^^^^^^^^^^^^^^^^^^^^^^^^^^^
  File "C:\Users\Administrator\AppData\Local\Programs\Python\Python312\Lib\site-packages\uvicorn\middleware\proxy_headers.py", line 63, in __call__
    return await self.app(scope, receive, send)
           ^^^^^^^^^^^^^^^^^^^^^^^^^^^^^^^^^^^^
  File "C:\Users\Administrator\AppData\Local\Programs\Python\Python312\Lib\site-packages\fastapi\applications.py", line 1163, in __call__
    await super().__call__(scope, receive, send)
  File "C:\Users\Administrator\AppData\Local\Programs\Python\Python312\Lib\site-packages\starlette\applications.py", line 96, in __call__
    await self.middleware_stack(scope, receive, send)
  File "C:\Users\Administrator\AppData\Local\Programs\Python\Python312\Lib\site-packages\starlette\middleware\errors.py", line 186, in __call__
    raise exc
  File "C:\Users\Administrator\AppData\Local\Programs\Python\Python312\Lib\site-packages\starlette\middleware\errors.py", line 164, in __call__
    await self.app(scope, receive, _send)
  File "C:\Users\Administrator\AppData\Local\Programs\Python\Python312\Lib\site-packages\starlette\middleware\base.py", line 193, in __call__
    response = await self.dispatch_func(request, call_next)
               ^^^^^^^^^^^^^^^^^^^^^^^^^^^^^^^^^^^^^^^^^^^^
  File "E:\Soft\倪海夏三套学习系统\finalhopes-Learning-System\web_app\server.py", line 1556, in _ensure_data_middleware
    return await call_next(request)
           ^^^^^^^^^^^^^^^^^^^^^^^^
  File "C:\Users\Administrator\AppData\Local\Programs\Python\Python312\Lib\site-packages\starlette\middleware\base.py", line 168, in call_next
    raise app_exc from app_exc.__cause__ or app_exc.__context__
  File "C:\Users\Administrator\AppData\Local\Programs\Python\Python312\Lib\site-packages\starlette\middleware\base.py", line 144, in coro
    await self.app(scope, receive_or_disconnect, send_no_error)
  File "C:\Users\Administrator\AppData\Local\Programs\Python\Python312\Lib\site-packages\starlette\middleware\base.py", line 193, in __call__
    response = await self.dispatch_func(request, call_next)
               ^^^^^^^^^^^^^^^^^^^^^^^^^^^^^^^^^^^^^^^^^^^^
  File "E:\Soft\倪海夏三套学习系统\finalhopes-Learning-System\web_app\server.py", line 1537, in _security_middleware
    return await call_next(request)
           ^^^^^^^^^^^^^^^^^^^^^^^^
  File "C:\Users\Administrator\AppData\Local\Programs\Python\Python312\Lib\site-packages\starlette\middleware\base.py", line 168, in call_next
    raise app_exc from app_exc.__cause__ or app_exc.__context__
  File "C:\Users\Administrator\AppData\Local\Programs\Python\Python312\Lib\site-packages\starlette\middleware\base.py", line 144, in coro
    await self.app(scope, receive_or_disconnect, send_no_error)
  File "C:\Users\Administrator\AppData\Local\Programs\Python\Python312\Lib\site-packages\starlette\middleware\exceptions.py", line 63, in __call__
    await wrap_app_handling_exceptions(self.app, conn)(scope, receive, send)
  File "C:\Users\Administrator\AppData\Local\Programs\Python\Python312\Lib\site-packages\starlette\_exception_handler.py", line 53, in wrapped_app
    raise exc
  File "C:\Users\Administrator\AppData\Local\Programs\Python\Python312\Lib\site-packages\starlette\_exception_handler.py", line 42, in wrapped_app
    await app(scope, receive, sender)
  File "C:\Users\Administrator\AppData\Local\Programs\Python\Python312\Lib\site-packages\fastapi\middleware\asyncexitstack.py", line 18, in __call__
    await self.app(scope, receive, send)
  File "C:\Users\Administrator\AppData\Local\Programs\Python\Python312\Lib\site-packages\starlette\routing.py", line 670, in __call__
    await self.middleware_stack(scope, receive, send)
  File "C:\Users\Administrator\AppData\Local\Programs\Python\Python312\Lib\site-packages\fastapi\routing.py", line 2734, in app
    await route.handle(scope, receive, send)
  File "C:\Users\Administrator\AppData\Local\Programs\Python\Python312\Lib\site-packages\fastapi\routing.py", line 1281, in handle
    await super().handle(scope, receive, send)
  File "C:\Users\Administrator\AppData\Local\Programs\Python\Python312\Lib\site-packages\starlette\routing.py", line 280, in handle
    await self.app(scope, receive, send)
  File "C:\Users\Administrator\AppData\Local\Programs\Python\Python312\Lib\site-packages\fastapi\routing.py", line 158, in app
    await wrap_app_handling_exceptions(app, request)(scope, receive, send)
  File "C:\Users\Administrator\AppData\Local\Programs\Python\Python312\Lib\site-packages\starlette\_exception_handler.py", line 53, in wrapped_app
    raise exc
  File "C:\Users\Administrator\AppData\Local\Programs\Python\Python312\Lib\site-packages\starlette\_exception_handler.py", line 42, in wrapped_app
    await app(scope, receive, sender)
  File "C:\Users\Administrator\AppData\Local\Programs\Python\Python312\Lib\site-packages\fastapi\routing.py", line 144, in app
    response = await f(request)
               ^^^^^^^^^^^^^^^^
  File "C:\Users\Administrator\AppData\Local\Programs\Python\Python312\Lib\site-packages\fastapi\routing.py", line 706, in app
    raw_response = await run_endpoint_function(
                   ^^^^^^^^^^^^^^^^^^^^^^^^^^^^
  File "C:\Users\Administrator\AppData\Local\Programs\Python\Python312\Lib\site-packages\fastapi\routing.py", line 354, in run_endpoint_function
    return await run_in_threadpool(dependant.call, **values)
           ^^^^^^^^^^^^^^^^^^^^^^^^^^^^^^^^^^^^^^^^^^^^^^^^^
  File "C:\Users\Administrator\AppData\Local\Programs\Python\Python312\Lib\site-packages\starlette\concurrency.py", line 34, in run_in_threadpool
    return await anyio.to_thread.run_sync(func)
           ^^^^^^^^^^^^^^^^^^^^^^^^^^^^^^^^^^^^
  File "C:\Users\Administrator\AppData\Local\Programs\Python\Python312\Lib\site-packages\anyio\to_thread.py", line 65, in run_sync
    return await get_async_backend().run_sync_in_worker_thread(
           ^^^^^^^^^^^^^^^^^^^^^^^^^^^^^^^^^^^^^^^^^^^^^^^^^^^^
  File "C:\Users\Administrator\AppData\Local\Programs\Python\Python312\Lib\site-packages\anyio\_backends\_asyncio.py", line 2641, in run_sync_in_worker_thread
    return await future
           ^^^^^^^^^^^^
  File "C:\Users\Administrator\AppData\Local\Programs\Python\Python312\Lib\site-packages\anyio\_backends\_asyncio.py", line 1033, in run
    result = context.run(func, *args)
             ^^^^^^^^^^^^^^^^^^^^^^^^
  File "E:\Soft\倪海夏三套学习系统\finalhopes-Learning-System\web_app\server.py", line 1412, in serve_img
    row = db.execute("SELECT data, mime FROM images WHERE name=?", (key,)).fetchone()
          ^^^^^^^^^^^^^^^^^^^^^^^^^^^^^^^^^^^^^^^^^^^^^^^^^^^^^^^^^^^^^^^^
sqlite3.InterfaceError: bad parameter or other API misuse
